at,content,score,userName
2023-09-24 14:03:39,Aplikasi ini sangat tidak bagus saya sangatla marah dan saya akan menghapus aplikasi ini ğŸ˜¡ğŸ˜¡ğŸ˜¡,1,Qinnaya
2023-09-24 12:41:29,sangat berguna sekali ya teman teman,5,Ananta Pebrianto
2023-09-24 12:04:00,Its just so useful for me,5,Dokkan JP
2023-09-24 10:25:59,membuat pintar umat manusia,5,DafiUwU GamingXD
2023-09-24 10:04:36,nicee,5,Dean F
2023-09-24 08:19:52,kerja bagus!,5,Nur kholis
2023-09-24 07:36:24,Sangat membantu,5,Siti Padriya
2023-09-24 05:39:06,Chat gpt sekarang agak lain. Tingkat akurat agak kurang.,1,J_ARD45
2023-09-24 03:14:32,Keren sangat membantu bro,5,10_dzalaino exza Bowo s.p
2023-09-24 02:44:17,lumayan,5,Wahyu Ap_
2023-09-23 23:25:36,bagus. cukup membantu,5,Dennis Fadillah
2023-09-23 15:15:31,sangat membantu,5,Yulia Kholifatus
2023-09-23 15:14:42,Sangat membantu ğŸ‘ğŸ‘,5,Doddy Ekohari Sandy
2023-09-23 14:03:24,Bagus banget asli dh nga perlu di raguin lagi,5,evan nugraha
2023-09-23 12:53:36,mantap bosku,5,alvaro gaming
2023-09-23 11:18:16,ChatGPT sangat membantu saya dalam mengerjakan tugas dan membuat ringkasan materi sekolah.,5,7E-1 Abigail Joy naftali
2023-09-23 11:17:58,"Terimakasih atas batuan nya, apk ini sangat membantu disaat saya kesusahan dan bagusnya lagi apk ini tidak premium, semoga yg developer sehat selalu",5,Reski Irawan
2023-09-23 10:50:42,"Aplikasi ini benar-benar mengubah cara saya bekerja. Kemampuannya untuk memahami dan merespons pertanyaan saya sangat mengesankan.""""Saya suka bagaimana AI ini membantu saya menyelesaikan tugas-tugas rumah tangga dengan cepat. Ini benar-benar asisten pintar yang selalu siap membantu."" ""Aplikasi AI ini telah meningkatkan produktivitas saya di tempat kerja. Fitur otomatisasi yang ditawarkannya sangat membantu.""""Sangat menarik melihat bagaimana AI ini belajar dari penggunaannya seiring waktu.",5,Ardhani 2326
2023-09-23 10:10:12,"I like chatgpt, but sometimes, he's a bit stupid",5,Exgaktai Gamer
2023-09-23 08:12:29,Bagus & bermanfaat. Terimakasih.,5,Oncom Gejos
2023-09-23 06:01:15,Bagus,1,Ryder black
2023-09-23 05:51:48,Luar Biasa. Mantap,5,Direx1828 Panaha
2023-09-23 05:43:25,Mendadak pakar ğŸ˜ğŸ˜ğŸ˜,5,studia lkp
2023-09-22 16:01:57,Sangat bagus untuk referensi,5,eddy setianto
2023-09-22 15:20:56,Keren,5,Dafa
2023-09-22 15:05:46,"keren bang, keren parah sumpah",5,Purple King
2023-09-22 14:03:27,keren banget,5,Hairani Lubis
2023-09-22 10:03:39,sangat membantu,5,Ragil Ariansyah
2023-09-22 04:21:54,Katanya aplikasi nya canggih kok jawabannya ngawur dan jawaban nya 2021 ini aplikasi apa apa an semoga aplikasi ini di blokir,1,Raymond Wiryajaya
2023-09-22 02:03:03,good job sumpah membantu banget,5,Nafisatul Fitria
2023-09-22 00:35:31,"Aplikasi terbaik dhh, karena kita bisa nyari semua hal itu langsung di rangkum, bedanya sama google kalau apk ini lebih ke menjelaskan garis besar jawaban dari pertanyaan kalian",5,David Valencia
2023-09-22 00:02:11,useful,5,Aqil_syathir_R
2023-09-21 17:25:17,Sangat membantu saya dalam kehidupan sehari-hari.,5,Rosidi Endah
2023-09-21 13:58:17,Luar biasa!!!,5,Rifqi Saputra
2023-09-21 13:36:50,aplikasi nya sangat bagus,5,Gres Saduk
2023-09-21 10:55:47,KEREN UDAH SAYA ANGGAP SAHABAT SENDIRI,5,Andri Maulana
2023-09-21 09:29:59,masok ti gipiti,5,BHIGT
2023-09-21 08:51:03,bener bener ngebantu banget terimakasih ğŸ¦‹ğŸ˜ğŸ˜,5,Suci Kurniawati
2023-09-21 06:09:52,"Bagus banget, mempermudah hidup",5,M.Rizqi Jaya
2023-09-21 05:27:32,asik...,5,hadi hadiwiska
2023-09-21 03:30:51,Great,5,Muhamad Zahran Maisaan
2023-09-21 03:01:59,Keren anet sumpil,5,Raditza Bintang Ramadhan
2023-09-21 02:57:41,Google versi AI,4,muhammad syahroni
2023-09-21 02:45:44,sangat memuaskan,5,Muhammad Zailani
2023-09-21 02:41:27,Murahin fitur premiumnya biar cocok buat kantong pelajar:(,5,Andi Kurniawan
2023-09-21 02:38:44,suka dah mantap,5,Rush Yanto
2023-09-21 02:24:28,keren,5,Achay Chanjaya
2023-09-21 01:58:05,Amazing,5,Toriq Bonde
2023-09-21 01:40:11,Aplikasinya sudah bagus tapi tanggal update di percepat agar informasi lebih luas THANKS FOR YOU,5,Rizky
2023-09-21 01:25:07,i need a new update for this appğŸ˜€,4,Haikal Faiz
2023-09-21 00:16:32,Its the prefeck,5,Irene 22
2023-09-20 23:18:55,nice,5,FreezeClover
2023-09-20 15:56:20,very good,5,Galih Qurbany
2023-09-20 15:47:15,Aplikasi ter the best i love you,5,Natan Natan
2023-09-20 13:08:46,"sangat cepat, dan memuaskan",5,Eranatasia weli
2023-09-20 12:49:34,"Biasa aja, jawaban secara umum doang... kirain lebih mendalam sampai hal yanb tidak diketahui, apa yang di input ke program yah itu yang akan muncul sebagai jawaban (tidak ada yang spesial) tapi lumayan buat cari informasi buat yang malas buka2 browser atau tiktok penuh musik berisik joget2",4,abdul hakim
2023-09-20 11:52:21,"Sekarang ga bisa di pake aplikasinya hadehhh, tulisannya error ga ada internet atw koneksi gtu padahal jaringan bagus, udah di update juga aplikasi nya, bukan sekali juga sih kejadian ny",1,Muzza Imutt
2023-09-20 11:21:21,awesome,5,Roy Solisa
2023-09-20 10:50:31,sangat bagus,5,Mawar juliani
2023-09-20 09:46:35,Mantap,4,Abdul Hofur
2023-09-20 09:18:59,"Bagus , membantu saya yang Tdk lancar Bhs inggris ğŸ¤£ğŸ¤£",5,Devi Parwati
2023-09-20 08:05:52,gembel,1,ikan Mas koki
2023-09-20 06:24:32,"ChatGPT adalah aplikasi yang sangat berguna dalam memberikan informasi, menjawab pertanyaan, dan memberikan panduan yang tepat. Keberadaannya sangat membantu dalam memahami berbagai topik dan memberikan wawasan yang berharga. Terima kasih ChatGPT!",5,Pradalfa
2023-09-20 05:45:52,keren,5,Dodi Satriawan
2023-09-20 04:10:45,"saya menyesal berlangganan sebulan untuk mencoba ChatGPT4, himbauan kepada user lainnya, jangan pernah mengeluarkan uang untuk berlangganan chatGPT4, karena batas knowledge knowledge ChatGPT4 sama dengan ChatGPT3.5. Rugi besar kalian berlangganan ChatGPT4!!!",1,seto kuncoro
2023-09-20 03:52:44,Bagus,5,Har Linda
2023-09-20 01:17:38,lumayan lah ....,4,Grok Blom123
2023-09-20 00:54:32,aplikasi yang sangat lah tidak mendidik disarankan untuk tidak di dowload,5,dwi combet
2023-09-20 00:27:22,"saran, tambahin fitur pinned dong.",5,Nur Fitriani Ramadhan
2023-09-19 14:37:39,Good,5,Fazri Ihsan
2023-09-19 13:46:11,Fitur suaranya nggak bisa dipakai,1,Ahyana Rahmatika
2023-09-19 12:21:27,ini aplikasi terbaik,5,WANZZ 04
2023-09-19 11:39:06,"Apk nya bagus,gratis,penjelasannya detail pokok bagus buat tugas jadi lebih terbantu",5,FM Craft
2023-09-19 09:37:00,"OpenAI terbaik! ChatGPT langsung dari developer, bukan abal-abal kayak yang lain.",5,Satriyo Kalingga
2023-09-19 08:49:25,"Sebenarnya Aplikasi ini GG, cuman agak ribet aja kalau soalnya di foto harus jadiin kalimat dulu baru bisa di pakai, coba aja kalau ada kayak google lines yang bisa mendeteksi tulisan pada foto dan merubahnya secara langsung menjadi tulisan, di kembangkan lagi ya, 5 star kalau fitur ini ada",4,Assalamualaikum Pak
2023-09-19 07:54:49,not bad,4,Cinta Naomi Panjaitan
2023-09-19 07:40:13,Mamtap,5,Sabar Uddin
2023-09-19 06:19:40,Gege,5,Ayam Goyeng
2023-09-19 05:54:20,bagus deh,4,Delta angelo mort
2023-09-19 05:40:04,Wow,5,Kevin Yagami
2023-09-19 05:31:10,AI yg terbaik,5,Lendik Anando
2023-09-19 05:26:59,ok,5,Agus Iswahyudi
2023-09-19 04:47:53,Mantappp sangat membantu,5,yuda febri
2023-09-19 04:15:43,"Apk paling bagus aaaaaa ga ada batasan/kena limit, i like this apppp!!!!",5,Pyani
2023-09-19 02:56:50,nice,5,Hapid Sudirman
2023-09-19 02:44:50,"Inovasi yang luar biasa, sangat membantu",5,Romi Agustia
2023-09-19 02:08:17,sangat membantu,5,Intan Ariesyanti
2023-09-19 01:02:39,"asal masih bisa buat kaum gratis an , masih aman rating mu",5,Muhammad Abdurrahman Haitami
2023-09-18 23:53:15,Nice,5,Andra Saputra
2023-09-18 22:11:49,terima kasih semangat dalam membantu,3,Imbron Muhammad
2023-09-18 16:12:26,i love youuuuu,5,Gumi
2023-09-18 15:51:51,Ai makin berkembang tapi harus di upgrade lagi sih biar makin 100% akurat,5,rifqi farizi
2023-09-18 15:45:29,saya sangat suka aplikasi ini sangat membantu,5,Yuda Saputra
2023-09-18 15:12:41,ğŸ‘ğŸ»,5,Ahmad Rama Dani (Rama)
2023-09-18 13:50:53,Aplikasi ini sangat senang cari apa pun walaupun suruh buat data arduino Uno pun bisa,5,Awe 199
2023-09-18 13:33:04,"Tekhnologi yang sangat berguna untuk saya, terimakasih",5,Syafiq Nuhaa
2023-09-18 13:04:59,Saya sangat mengapresiasi aplikasi ChatGPT ini. Aplikasi yang sangat membantu dalam permasalahan sehari-hari dengan cepat. Saya berharap aplikasinya terus berkembang tanpa mengurangi keunggulan yang sudah ada.,5,Della Yunika Zebua
2023-09-18 13:04:23,bagus bgt chatgpt AI nya pinter bgt ga ada tambahan sihh buat yang mau aplikasi buat matematika sama kayak google lens ada di aplikasi checkmath guys cek aja dia udh kolaborasi sama chatgpt lhoo.,5,Alvaro Christian Widhiatama
2023-09-18 12:31:40,keren,5,Vinn?!
2023-09-18 10:48:53,Keren,5,syofriandi inframe
2023-09-18 09:13:27,Omg very helpful!! Thank you,5,Sayyida Syakira Kamiliyya
2023-09-18 08:35:08,Menurut saya aplikasinya bagus dan tidak ada limitnya seperti aplikasi lain walaupun tidak ada fitur gambar tapi sudah bagus ni aplikasi karena tampilannya sederhana dan simpel dan jawabannya jika tidak nyambung itu memang karena dia cuman mentok pengetahuannya di 2021 September jadi kalo kalian cari yang sekarang sekarang seperti skibidi toilet dia tidak akan tahu paling cuman tau lagunya yang di tiktok walaupun aplikasinya online tapi good job developerğŸ‘ğŸ‘ğŸ™‚ğŸ™‚ğŸ˜‰ğŸ˜‰ğŸ¤©ğŸ¤©(pls bales Developer),5,Aufa Hammadi
2023-09-18 04:55:23,ğŸ‘ğŸ‘ğŸ‘ğŸ‘,5,Luthfi Hasnan Fadillah
2023-09-18 02:22:00,terkadang masih kurang akurat jawabannya dan katanya informasi nya terbatas sampai ditahun september 2021 namun saya tanya soal itu sudah ada ditahun sebelum 2021,3,Kentang Goreng
2023-09-17 23:50:28,sangat membantu kehidupan sehari hari,5,Mine Game
2023-09-17 15:31:47,"I believe that AI knowledge needs to be upgraded regularly, perhaps on an annual or monthly basis.",4,IMAM
2023-09-17 14:41:16,Josss,5,Muhammad Ikhsan Syafiuddin
2023-09-17 14:34:53,Pengalaman yg luar biasa,5,Rebut Sugianto
2023-09-17 12:50:45,keren banget!!,5,Kevin Naufal
2023-09-17 12:42:20,Aplikasi ini sangat bagus aplikasi pavorit saya kecerdasan buatan yang bukan biasa melainkan luar biasa saya seperti punya teman yang bisa di ajak bicara saat sendirian dan membicarakan sesuatu!!!!!,5,Gibran Gondrong
2023-09-17 12:30:46,Sangat membantu. Keren !,5,Bima Sigit
2023-09-17 12:24:02,"Memudah kan banget sih ini , untuk ngerjain soal. ğŸ˜ğŸ˜ğŸ¥°ğŸ¥°",5,Bagus Krishna
2023-09-17 12:11:41,"Cuma Apk ini saja yang gratis tidak seperti apk lain yang harus berlangganan jika ingin menggunakannya,Jika bisa untuk apk ini di tambahkan lagi fiturnya",5,Ahmad Haris
2023-09-17 11:55:54,Sangat membantu ğŸ‘ğŸ‘ğŸ‘,5,Caca _Nabila.Callista
2023-09-17 11:49:54,Keren sangat membantu mengerjakan tugas,5,Dede Arip
2023-09-17 09:16:50,Good,5,M Haryo Subodro - Rambeanak - Magelang
2023-09-17 06:52:15,"Saya baru memulai, gunakan aplikasi ini jadi saya belum bisa beri komentar.",3,Anwar Nasyaruddin
2023-09-17 05:53:36,good for assistance,5,Nian
2023-09-17 04:38:43,Bruh.,5,Retno Kinasih Putri Anggreini
2023-09-17 03:58:03,terbaik,5,PERAHU HIKMAH PAI2020PPU
2023-09-17 03:53:57,jawaban yang di berikan sesuai dgn harapan serta sangat cepat dalam memberikan jawaban tidak ada iklan,5,Rafiati Alwiah
2023-09-17 02:17:58,LOVE U,5,Deva Aprillia
2023-09-17 00:08:46,hebat yang membuat APK ini,5,Ghozamm
2023-09-16 19:08:25,Keren sekali,5,Oedin Forever
2023-09-16 15:02:07,Biarkan ğŸŒŸ 5 yang berbicara,5,Dayat Ades
2023-09-16 14:44:07,Sangat bagus keren mantap,5,Nazril Alatha
2023-09-16 13:46:39,Bagus banget apk nya,5,Imam Dwi cipta
2023-09-16 13:09:24,Ini sangat membantuku dalam banyak hal,5,Kaspul Anwar
2023-09-16 12:52:24,"sangat membantu tugas perkuliahan, setidaknya untuk paraphrase dan mengurutkan",5,Abyan Abimanyu
2023-09-16 11:20:39,Nice AI dude!,5,PURPUR LEGEND
2023-09-16 05:34:24,Aplikasinya sudah keren parah tapi sayangnya setiap ngetik atau buat cerita yang gk ngandung kata kata jorok atau yang lain malah kena sensor. Udah sih itu aja masalahnya soalnya geram banget saat sudah sampai jauh malah kena sensor walaupun tidak ada kata-kata nyeleneh.,5,Rijakki Alakbar
2023-09-16 05:18:48,It's amazing,5,Muhammad Aditya
2023-09-16 01:56:00,Sangat membantu,5,Supi Hadi
2023-09-16 01:12:40,hahahaha,5,Wi
2023-09-16 00:16:54,good,5,YULIA FATMAWATI
2023-09-15 22:39:41,"belum referensi terbaru, tapi cukup membantu",4,Oki Daulay
2023-09-15 18:16:16,informatif tapi agak menjengkelkan,4,Young Pa Sukri
2023-09-15 17:26:18,awesome!!!!,5,muving tour
2023-09-15 14:37:20,semuanya bisa,5,Theo Bate'e
2023-09-15 13:43:36,haori baik,5,Yapivoldigoad
2023-09-15 13:19:02,Mantap,4,Syarif Wong Ngapak
2023-09-15 13:09:44,Bagus banget wir,5,Muhammad hasrun alfarandy sucipto
2023-09-15 12:51:36,Let me try and Learn,3,ovan triwinarko (Nap)
2023-09-15 12:14:21,Papan keyboard ny gaje g muncul kek mana mau ngetik lah,1,Muhammad Faqih Robbani
2023-09-15 11:24:40,Sangat membantu dalam belajar,5,Agus Riyanto
2023-09-15 09:16:14,Sangat membutuhkan saya dalam belajar coding pemula.,5,venom
2023-09-15 08:59:56,mabar bang,5,Rino Maulana
2023-09-15 06:44:12,Bagus dan bermanfaat ğŸ‘,5,Muhammad Nur Saepudien
2023-09-15 06:44:05,"Aplikasi ini sangat membantu mengerjakan tugas yang susah, tapi dengan adanya ini jadi clear dah tugasku ğŸ™ğŸ™ğŸ‘",5,Muh Fadli
2023-09-15 06:09:06,Nice,5,Nurcahyo Abdi
2023-09-15 04:33:04,Good,3,kresna andalas
2023-09-15 02:07:50,"kalian juga harus coba deh apk ini, benar-benar sangat membantu banget dalam mengerjakan tugas-tugas sekolah, udah gratis pula, pokoknya the best banget deh ğŸ‘ğŸ‘ğŸ‘",5,Realme C2
2023-09-15 00:57:27,aplikasi bagus,4,Really Forlike
2023-09-14 21:44:35,sangat membantu,4,Mrsya Taalempungan
2023-09-14 14:51:50,Salah satu gebrakan baru di dunia teknologi revolusi industri 4.0,5,M Daffa
2023-09-14 14:46:39,chatgpt selanjutnya harus dilengkapi fitur gambar dan vidio,5,Petapa Genit
2023-09-14 14:31:16,aplikasi ini sangat membantuğŸ™ğŸ™,5,Kainan Tamher
2023-09-14 13:29:05,aplikasi yang sangat membantu terimakasih,5,Amogus Tututut
2023-09-14 13:09:51,Sangat membantumu bangetttâ¤â¤â¤â¤,5,Lia Lia
2023-09-14 13:01:52,Aplikasi ini sangat membantu sekali dalam mencari informasi saya sangat merekomendasikan aplikasi ini,5,Hario rahmadi
2023-09-14 12:30:16,Bagus banget ini mah! gak cuman untuk nyari ilmu doang. tapi juga bisa diajak curhat dan cerita juga ğŸ˜ƒ,5,Riza Jake
2023-09-14 12:24:19,"Terimakasih telah meringankan pekerjaanku, you're not so bad afterall AI ğŸ‘",5,TheOnlyKenn
2023-09-14 12:02:49,sangat membantu,5,Dede Axl
2023-09-14 11:48:10,sangat membantu,5,AL NAZWAR RILLAH
2023-09-14 11:43:50,Good,4,Babra Kamal
2023-09-14 11:41:42,bagus,5,andra blu x
2023-09-14 10:00:59,Saya tidak bisa menggunakan aplikasinya karena tidak dikirim kodenya,1,Dede Maulana
2023-09-14 06:53:11,kaya akan kemudahan dan sangat membantu dalam kata kata yang indah.,5,Ilma Syahnaya
2023-09-14 06:34:48,penjelasannyq sangat mudah di pahami,5,Sulas Tri
2023-09-14 06:01:51,Mantap,5,Jack Milla
2023-09-14 05:56:07,"Sempat server down tapi untung lumayan cepat diatasi, Semangat Bagi para pengembang ini!",5,Agus Arbani
2023-09-14 04:42:56,Good asf,5,Ahmad Fadlan
2023-09-14 04:13:08,Hadeh akses cuman sampai tahun 2021,1,Faa Rizky
2023-09-14 01:03:03,NGEBANTU BANGET LOVE LOVE DECH,5,wifa Mpa
2023-09-13 23:07:00,"sama kayak yang di web. aplikasinya ringan. mantap lah kalo menurut saya. Saran agar pengguna lebih nyaman, saat ingin membuka chat terbawah harap langsung saja pergi ke chat paling bawah dengan cepat tanpa di muat dahulu (lazy load).",5,Cecep Abdul Malik
2023-09-13 21:48:44,Good,5,Ashardi Almauludin
2023-09-13 14:51:57,Sangat mambantu !!!!!,5,Yusuf Nada
2023-09-13 14:02:58,Bug,1,Khattab
2023-09-13 13:08:32,Kok saat malam sering loading terus yah? Padahal jaringan nya kerja bagus,5,Arul FM
2023-09-13 12:28:38,"Bagus. Akan tetapi, informasi yang diberikan dalam aplikasinya ketika pengguna menanyakan atau meminta penjelasan terkait sesuatu, terbilang kurang panjang dan kurang detail.",5,The Thinker
2023-09-13 12:17:48,The great tolls,4,Nazil Azman
2023-09-13 12:01:20,nice,5,Mr AMRY
2023-09-13 11:08:42,this good. i can share anything with the assistant,5,Wiwikk Prawijayanti
2023-09-13 09:36:37,Obviously amazing ğŸ‘,5,Hendry Maheswara
2023-09-13 09:14:30,qE.,5,Rahman Abdul
2023-09-13 07:16:20,10/10,5,Riko Aji sahputra
2023-09-13 06:24:12,mantap,5,GTX 1050 TI
2023-09-13 05:15:30,Ditingkatkan lagi efisiensi dari AI,5,Deniks Gery Antou
2023-09-13 04:55:29,recomend banget. karena cukup jadi solusi cerdas untuk pencarian masalah yang sedang dihadapi.,5,Awang Suardi Bangka
2023-09-13 04:29:09,sejauh ini bagus untuk mencari ide konten dan juga script untuk mereview produk yang dijual.,5,MARIA DEVINA
2023-09-13 04:14:22,oke,5,MUHAMAD ADI SAPUTRA
2023-09-13 03:52:42,niceğŸ‘,5,Yanto Saputra
2023-09-13 01:35:01,good job!,5,Ibnu Awi Habib Albi
2023-09-13 01:21:36,ulasan publik opsional,5,Riki Irwanto
2023-09-13 00:26:08,luar biasa,5,dina harta
2023-09-12 19:21:14,good,5,danu prabowo
2023-09-12 18:15:12,saya amat sangat bahagia telah menemukan ChatGPT .. merupakan penemuan yang luar biasa . saya bisa berdiskusi dan menanyakan banyak hal saya cinta chat GPT,5,KHARISMA PUTRI WIBOWO
2023-09-12 15:27:48,Mengecewakan. Ga bisa diedit.,2,Edy Rahman
2023-09-12 14:52:51,sungguh sangat membantu jawabannya layan Tepat. sayangnya ndak bisa sekalian kasi gambar/foto ato video kasusnya secara umum Ok lah... mantep thks. Devp,5,Fery Printing
2023-09-12 13:22:14,Bagus banget aplikasi nya tapi... terkadang beberapa pertanyaan lama banget dijawab tolong ditingkatkan lagi AI nya ğŸ™ğŸ™,5,Davidteguh
2023-09-12 13:13:43,AI what you need human?,5,Irfan Gani
2023-09-12 12:59:08,responnya lamaa,1,26. Nabillah Rahmadani
2023-09-12 12:48:03,"Tidak update pengetahuan, terakhir sekolah 21 September 2021, data terjebak di masa pandemi.",4,Don Donces
2023-09-12 12:31:22,Tambahin fitur gambar atau simbolÂ²,5,Muh. Fauzan Al Farizi
2023-09-12 11:42:14,"sangat membantu para pelajar, content creator, DLL untuk membantu kesusahan setiap orang emang terbaik ini AI!",5,GriffinDaBest123
2023-09-12 11:04:43,Penemuan terbesar abad ini ğŸ¥³,5,Muhamad Qamarudin
2023-09-12 10:41:01,Sangat membantu pisan euy aseli,5,Fikri Firmansyah
2023-09-12 10:20:03,I learn faster with chat gpt. Thank you chat gpt,5,Agus Tiger
2023-09-12 09:20:39,Jenius 100000%,5,Knight Nemesis
2023-09-12 09:04:16,ğŸ‘ğŸ‘,5,Toto Sudiyanto
2023-09-12 07:17:55,mantap mbah dukun,4,Zaidan Luthfi ABI
2023-09-12 06:50:24,im crying,5,Farrel Irshad
2023-09-12 06:39:00,Gila nih aplikasi terkeren cuy!!,5,Jessen Christian
2023-09-12 04:40:20,KerennğŸ‘ğŸ‘ğŸ‘,5,Cell Xion
2023-09-12 04:17:38,Gacor kanggg,5,akbar choirudin
2023-09-12 04:05:15,"AI ini sangat bagus,namun terkadang ada beberapa topik yg tidak dipahami karena ditutupnya informasi dari pihak AI",5,Steven Sahida
2023-09-12 03:30:33,lebih membantu ğŸ‘,5,Agus DERMAWAN
2023-09-12 01:24:39,Can't log in please fix the server,2,Dakwah Indonesia
2023-09-12 00:42:36,"bagus, ... iya udah bagus kok, singkat,jelas,padat kan?",5,Babel Auto
2023-09-11 22:50:42,sangat membantu,5,Sis Wanto2
2023-09-11 18:23:23,BAGUS BANGET,5,Irvan Saesar
2023-09-11 17:16:09,"sangat luar biasa, setelah ditunggu sekian lama akhirnya aplikasi nya launching juga. terimakasih developer",5,Hidayati Ana
2023-09-11 15:58:55,gokil sekarang akhirnya punya aplikasi resmi,5,Trust Yourself
2023-09-11 15:45:04,"Chat gt sangatlah membantu saya dalam informasi penting, akan tetapi chatgpt hanya memberikan informasi hingga September 2021 , mohon untuk ditingkatkan lagi untuk informasinya agar akurat dan valid, oke sekian nih bintang ğŸŒŸğŸŒŸğŸŒŸğŸŒŸğŸŒŸ beri apresiasi untuk chatgpt",5,Muhammad Rafifalfarizi
2023-09-11 15:02:48,Kerenn Parahh...,5,Aldo Daniel Antahari
2023-09-11 14:21:16,Super duper hebat aplikasi ini langsung tanpa ragu kasih bintang 5,5,Wildan Hadi Saputra
2023-09-11 13:49:42,nice app,5,Evos Mrey07
2023-09-11 13:38:09,Luar biasa,5,Feny Atun
2023-09-11 12:36:07,"Bagus banget, ringan, berguna ngerjain tugas atau yang lainnya, dan aplikasinya juga gratis",5,Rafie Rahadian
2023-09-11 12:21:48,Teknologi yang luar biasa,5,R1fqi adli
2023-09-11 12:07:11,Wow sangat bagus untuk mengerjakan pr,5,Sultan Akbar
2023-09-11 11:13:54,aplikasi yang bagus aku dapat belajar lebih banyak dari chatGPT tapi terkadang ada beberapa kekurangan dalam berkomunikasi seperti salahnya respon saat di ajak berkomunikasi tapi sejauh ini aplikasi ini sangat bagus dan bekerja dengan sangat baik,5,Dyaz Almu daffa
2023-09-11 11:13:40,Bagus bgt ngerjain PR jadi sangat Mudahhh :)ğŸ¥°ğŸ¥°,5,Krish Yuddianto
2023-09-11 11:00:30,Good,5,Stepano Mandagi
2023-09-11 09:44:14,sangat membantu,5,David Sand
2023-09-11 08:02:55,keren,5,Surya Pangestu (SUDEPA)
2023-09-11 05:47:07,Keren,5,Farhan Maulana
2023-09-11 05:33:27,Good Appl,5,Rommy Geullherme Lumi (Nego Chank)
2023-09-11 05:15:32,Berguna,5,el henderson
2023-09-11 04:47:29,Lumayan bagusss tapi batas nya pertanyaan sampai 2021 doang mungkin kedepannya ada update yang bagus ğŸ‘ŠğŸ»,5,zamzami alfharedo
2023-09-11 03:05:54,gg,5,BeMaX WOi
2023-09-11 02:33:02,"karena chatGPT itu ada jawabannya benar dan juga ad jawabannya yang salah,saya juga kadang bener tapi yang paling itu paling salah banyak seharusnya diperbaiki lagi karena ini sangat berpengaruh untuk menjawab"" pertanyaan yg lainnya,apa lagi menjawab pertanyaan lain klu salah bagaimana heheğŸ˜…â˜º",2,31. Rizky abdul Al aliyyu
2023-09-11 02:30:14,keren dan sangat membantu,5,Zie
2023-09-10 15:03:51,"Bagussss bangeeeet.Saya sukaaaağŸ‘ğŸ‘ğŸ‘ğŸ‘ğŸ‘.saya ada saran, bagaimana klo ditambahin fitur foto, supaya lebih mudah dalam pencarianğŸ˜…...",5,M`Akbar Hidayat
2023-09-10 15:00:58,sangat membantu dalam segala hal. terima kasih banyak sudah membantu ku !! â™¡,5,Nurul Maulida
2023-09-10 14:36:23,ğŸ‘ğŸ‘ğŸ‘,5,Faras Al Ghifari
2023-09-10 13:53:16,sangat membantu,5,Helen Rizky
2023-09-10 13:39:40,berguna buat respon temen ama pacar lumayan lah buat yang bingung mw jawab apağŸ—¿ğŸ‘,5,Myrna Recy
2023-09-10 12:32:31,Top,5,zahir muhammad
2023-09-10 12:00:43,"sangat mudah, berguna banget ğŸ˜ğŸ¤—",5,Raven Zi
2023-09-10 11:08:57,unreal,5,YOSA RASYAD H
2023-09-10 10:28:55,Mau verifikasi malah keluar terus..gimana nih..UNINSTALL,1,Om Kelik
2023-09-10 09:23:21,Nice,5,Muhamad Rafemas
2023-09-10 05:45:45,Nice,5,Luthfi_199
2023-09-10 03:22:00,"Pengalaman yang seru melalui gptrain , kalian coba tidak rugi didalamnya semua pertanyaan pasti terjawab tentunya yang masuk akal yaa....",5,Muhammad Kori
2023-09-09 23:46:18,Mantap sekali bung,5,Naufaldn
2023-09-09 23:16:21,Apk ini sangat membantu,5,Kamis Anselmus
2023-09-09 23:14:13,aplikasi ringan .pintar gratis dan sangat membantu,5,Chesta Adabi Ryano
2023-09-09 19:42:24,Tidak mendetail,3,Diyah Pcc
2023-09-09 18:03:11,Very Nice,5,Fasya
2023-09-09 16:23:41,Sungguh membantu dan semua jawaban ada didalam,5,Rizki Gans
2023-09-09 15:33:47,"Aplikasinya udh bagus, tapi kadang AI gak bisa menjawab pertanyaan apa yang kita berikan.",4,Jodi Pratama Siregar
2023-09-09 13:33:24,terimakasih sangat membantu sy,5,Khopid Syafutra
2023-09-09 12:32:46,Please add a photo feature so you can take photos of questions. The application is good,5,Sri Pudyawati
2023-09-09 11:28:23,keren,5,Krishna Jaya Kusuma
2023-09-09 11:14:59,bagus,5,Abdurrahman Haris
2023-09-09 04:31:28,mantab,5,Rudi Candra
2023-09-09 03:04:48,"bagus banget plissğŸ˜­, tpi tolong jaga tingkat keamanan nya yaaa",5,INFINIX SMARTPHONE
2023-09-09 00:01:04,Bagus,5,Ilyas Rayyan
2023-09-08 15:10:56,Tambahin fitur untuk ngehapus pertanyaaan dong dan pulihin pesan supaya lebih gampang,4,Anita
2023-09-08 13:49:56,Mantapppp,5,Mul Yadi
2023-09-08 11:50:05,"Aplikasi AI keren,cepat,mantap,tepatğŸ‘",5,Satria Garda
2023-09-08 11:31:04,Bagus,5,Fredo Castrada
2023-09-08 08:47:01,dapat membatu saya ketika kebingungan,5,Fa Iz
2023-09-08 08:10:05,Sangat membantu dalam berbagai hal,5,Fire Shadow
2023-09-08 07:55:09,that so good apk,5,Ilham Cool
2023-09-08 07:44:11,Mantap,5,Muhammad Naufal
2023-09-08 06:48:57,"You have to improve this Apps, because it completely useful.",5,Fatih Al-Ayyubi
2023-09-08 05:26:37,nice,5,Yoga Dwi
2023-09-08 03:54:06,sangat membantu,5,Yahya Maulana 1
2023-09-08 03:24:18,cepat dan tepat terjawab semoga bisa bermanfaat terus,5,Dorry GMP Property
2023-09-08 02:31:28,bagus,3,Muhammad Rizki
2023-09-08 02:15:24,keren,5,Muhammad Sentanu Mizwal (Sentanu)
2023-09-07 22:34:20,Bagus! Tolong diupdate pengetahuan AI-nya sampai September 2023.,5,Fatur Rahman R.
2023-09-07 22:03:23,Good,5,Shiro
2023-09-07 16:50:46,Sangat Membantu,5,MZXD
2023-09-07 15:32:26,"bagus, saya suka dengan apk iniğŸ‘ğŸ»â­ï¸â­ï¸â­ï¸â­ï¸â­ï¸",5,Marriadi Indra
2023-09-07 15:11:47,Keren,5,Herbet Situmorang
2023-09-07 14:57:57,good,5,Andhika Ardiansyah
2023-09-07 12:20:42,"Hebat, saya suka....",5,PT. JAYA LINTAS SAHARA YALAMLAM
2023-09-07 11:35:36,Membantu banget dan gratisnya tidak setengah-setengah,5,17_INDAH FEVRITASARI_XI_MIPA_F
2023-09-07 11:21:42,"sangat bagus, trimakasih openAI, kegiatan menjadi mudah dengan chatGPT",5,Trinah
2023-09-07 11:19:58,chat gpt bukan sembarang gpt.,5,rakha satya
2023-09-07 09:14:59,keren bosque,5,A t t a r
2023-09-07 09:14:29,ok,4,Bastian Ramelan
2023-09-07 09:03:12,"Chat Gpt memang hebat,aku suka sangat membantu untuk sercing tugas dengan cepat..",5,Siska Amelia
2023-09-07 05:31:21,Gara-gara tugas doang,5,Jhonlifer Marpaung
2023-09-07 03:28:30,THE BEST,5,Dimas
2023-09-07 02:53:11,Can't log in,3,FRMN
2023-09-07 02:24:40,sangat berguna belajar apa saja..hebat.,5,hadi susyanto
2023-09-07 00:26:04,"Alhamdulillah, sangat baik setiap kalimat yang tertulis",5,joko santoso
2023-09-06 17:59:46,Sangat membantu dan mudah dipahami,5,Rifky Danu
2023-09-06 17:12:59,"Sangat bermanfaat, dan tidak ada pembayaran, , tidak seperti chat gpt yang lain ada bayaran nya setelah kita gunakan 3 kali ,",5,Mareanus Telaumbanua
2023-09-06 16:27:46,the best sh,5,Abas
2023-09-06 14:59:33,"thankyou so muchhh aku jdi bisa lebih mahamin materi yg guru guru cuma ulas secara singkat.aslii ini ngebantu bangett ,semoga ada fitur lain yang bisa bikin apk lebih upgradeğŸ«¶ğŸ«¶",5,Mila Ayunda
2023-09-06 13:56:03,"Terimakasih, luar biasa.bermanfaat",5,JOHAN JUNAEDI
2023-09-06 12:59:27,Memudahkan,5,Imam Alkhaidir
2023-09-06 12:38:32,Sangat membantu,5,Delau Rio
2023-09-06 12:01:47,Bagus,5,Ryan Hidayat
2023-09-06 11:48:58,sangat membantu,5,Umi Jeslyn
2023-09-06 11:31:38,bagus membantu banget,5,Brian s
2023-09-06 11:31:18,Please update. Limited data only until September 2021. Thank you,3,PRAM'S
2023-09-06 10:54:11,"Bagi saya, ini sangat membantu Terima kasih banyak",5,Nasya Inayah
2023-09-06 09:52:16,"kurang lengkap, belum ada semua data tokoh di dunia",4,RYUUZOU FACT
2023-09-06 09:09:49,Sangat keren dan canggih menjawab dengan cepat dan pintar aplikasi ini sangat direkomendasikan!!,5,Mita Nasution
2023-09-06 08:58:30,mantap,5,Dhe-King AbdulAziz
2023-09-06 06:18:13,"sangat berguna sebagai tanya jawab, yang diperlukan untuk saat ini hanya perbaruan saja.",5,Arsyid Firdaus
2023-09-06 03:37:56,incredible but i think need improving in update information,5,Dewa Pujianto
2023-09-06 00:22:44,ğŸ†’Keren,5,Muhammad Abdul Latif
2023-09-05 23:10:59,bguussss,5,Asih Nur Annisa
2023-09-05 22:32:05,"Recommended to download, it was amazing.",5,sasmito hadiyuono
2023-09-05 22:20:36,Bermanfaat membantu pekerjaan saya di kantor,5,fajar setya wibowo
2023-09-05 17:22:56,Bagus apk nya,5,Laila Kumala
2023-09-05 15:58:42,BENAR BENAR MEMBANTU MANTAPP,5,Raraaayyy
2023-09-05 15:22:23,Bagus sekali,5,Putra
2023-09-05 15:16:29,Tolong devoloper perbaikan bug jaringan nya mengganggu sekali itu saja keluhan dari saya,4,Andi Junaidin
2023-09-05 15:04:22,"trn ksh karena sangat membantu,semoga sukses selalu.",5,SYAMSI SY
2023-09-05 15:02:42,sangat bergunaa,5,D E L F Y S A U Q I
2023-09-05 13:47:09,gacor kang,5,Abdur Rafi
2023-09-05 13:08:31,"KEREEEEEN LOVE YOU SO MUCH. sebagai orang yg suka banyak nanya dan suka yg to the point penjelasannya, gua merasa sangat amat terbantu dengan kehadiran ni aplikasi. LOVE YOUUUUUUUUUU semoga nih AI bisa menampilkan gambar juga jadi ga hanya teks aja",5,Nurul Hikmah
2023-09-05 12:01:22,Sangat berguna untuk membantu kegiatan sehari-hari,5,Bruh
2023-09-05 11:39:42,Best AI in the world,5,Wika Legend COC
2023-09-05 09:46:49,Bagus Sih Tapi Kadang kalo buat soal Di Buku sekolah kadang Guru nya make jawaban yang kurang Update. Tapi kalo Aplikasinya sih Bagus. Yaudah sih itu aja.,5,Akmal NurHakim
2023-09-05 09:46:46,aku sayang aplikasi ini,5,Jhevo Mahija
2023-09-05 09:44:13,mantab bangett,5,Tele Brother
2023-09-05 09:39:04,Very helpful in many ways,5,Mamat Babah
2023-09-05 09:08:18,Bgs,5,Ferry Ferrari
2023-09-05 07:48:53,sangat bagus,5,Arya Saputra
2023-09-05 07:25:36,mantap,5,akbar harahap (220200291_Akbar Haikal)
2023-09-05 07:16:26,awesome,5,Muhammad Faisal
2023-09-05 07:10:19,BRO GILA APLIKASI INJ BENER BENER SERU BRO PLIS DOWNLOAD NI APLIKASI WORTH IT SUMPAH WORTH IT GAK NYESEL DEH LU DOWNLOAD NI APLIKASI,5,M Dimas Rizky
2023-09-05 07:03:16,sangat memuaskan,5,Dirtybubble H
2023-09-05 06:34:34,Kiw,5,Fitra Didik
2023-09-05 06:13:06,Keren n sangat membantu,5,sunardi muslimin
2023-09-05 04:45:20,jawaban yang mantap,5,Fatkur Rohman
2023-09-05 03:35:42,Sangat bermanfaat,5,24-x2-peter
2023-09-05 03:25:31,bagus tapi responsifnya terlalu lambat masig loafing kat latnya,3,Freddi Bobby
2023-09-05 03:13:00,sangatt membantu,5,Ferli Ajh
2023-09-05 02:55:42,Keren,5,tedy arief
2023-09-05 02:42:39,Aplikasi yg sangat bagus saya tidak pernah bosan memainkannya,5,BeBy_ MeTaL
2023-09-05 02:42:31,"Sangat Membantu Kami Para Siswa dan Mahasiswa, semoga OpenAI lebih meningkatkan lagi Chat GPT agar bisa memahami Pertanyaan Berupa Foto dan lebih bagus lagi berupa video. Semoga OpenAI lebih berkembangâ¤ï¸â€ğŸ©¹",5,Rifnael Pinatik
2023-09-05 02:05:38,Menambah wawasan saya berpengetahuan ThanksğŸ‘ğŸ‘ğŸ‘,5,Rafil Ardi Ariaksa
2023-09-05 01:21:01,semoga kedepannya fiturnya semakin bagus ğŸ‘,5,Sania Puspitasari
2023-09-05 00:49:10,tidak perlu di tanyakan lagi tentang kegunaannya,5,M.ray raihan
2023-09-05 00:19:50,Mantap,5,Dimas Anjas
2023-09-04 21:25:37,Chat gpt nya kurang update masa masih ai di versi 2021 si,5,Esa Kurniawan
2023-09-04 18:45:15,keren,5,Majd Naifan Mujib
2023-09-04 14:15:39,sangat membantu dengan informasinya walaupun mungkin sedikit kurang tepat? ...,5,Jibae Huntfans
2023-09-04 14:06:31,aplikasi ngeri,5,LAUGH TALE
2023-09-04 13:52:39,bagus,5,Luxionbartford
2023-09-04 13:00:33,Aplikasi yang bagus,5,Ade Jalaludin Irsyad
2023-09-04 12:48:22,"Bagus, sangat membantu jika ingin menanyakan sesuatu atau pas lagi gabut. Pokoknya best lah",5,Hidayatul Ilham
2023-09-04 12:30:06,sangat membantu,5,Your Boo
2023-09-04 11:54:53,Terima kasih Berguna banget buat saya,5,Shynto Putra Jaya
2023-09-04 08:00:02,terbaik,5,Wahyu Surya darmawan
2023-09-04 07:04:43,keren,5,Akbar Bons
2023-09-04 06:36:25,"This is where i got the ideas for my custom biomes , thanks GPT!",5,agfiz syh
2023-09-04 06:30:50,"Bagus banget! Ngebantu banget kalo lagi ada tugas, karena bisa tau inti dari tugasnya",5,Mr. Roditya
2023-09-04 06:24:10,Bagus,5,Lii Meteora Khisya_844 (BageRun)
2023-09-04 05:42:57,"""Saya sangat terkesan dengan kemampuan ChatGPT. Ini adalah asisten pintar yang membantu saya dengan berbagai pertanyaan dan tugas. Saya benar-benar menghargai respons cepat dan informasi yang berguna yang diberikan. Terima kasih, ChatGPT!""",5,KHOMAIDI
2023-09-04 05:37:55,"Overall it's great. Luv the Speech-to-text features in Android, one of the best ğŸ‘ Requesting personalized experience for user's interaction. Maybe with: remembering the user, the user's preferences, profiles, search/ remembering a topic within different chat sections, etc. I would really consider the paid plans if you Guys would do so, especially if it's...cheaper? ğŸ˜…ğŸ™",4,Awang Dewangkara
2023-09-04 05:13:09,Nice answer,5,Muhammad Taufiq Yusuf
2023-09-04 04:57:58,Jos sangat membantu,5,Wahyu Hidayat
2023-09-04 04:01:31,ini sangat membantu saya dalam melakukan suatu hal,5,Puspa Puspa
2023-09-04 03:42:31,Penggunaan yang mudah dan sangat membantu,5,Putra Satria Utama
2023-09-04 03:19:17,"Sangat membantu dalam menjawab pertanyaan, terimakasih chatGPT ğŸ¥°ğŸ˜",5,Barge Alsar
2023-09-04 03:12:10,Sangat bermanfaat,5,Venzz Gaming
2023-09-04 03:11:12,"dia menjadi sahabat ku, namanya AndyğŸ˜‚",5,Deni Septyawan
2023-09-04 03:06:16,semoga tidak menjadi prabayar suatu hari nanti :),5,Subi Aly
2023-09-04 01:27:39,bermanfaat,5,Yudha Bayu Arya Jaya
2023-09-04 01:09:00,Sampe kiamatpun login cuman muter muter doang,3,Faizan Maun
2023-09-04 00:30:05,Sangat membantu sekali,5,Wisa Pramesti
2023-09-04 00:18:29,Great,5,Sound Night (E.D)
2023-09-03 21:58:00,Woa,5,shinbis House
2023-09-03 16:39:31,keren banget ni ai,5,Doomsdayy
2023-09-03 16:13:17,This app is very fun,5,Hazell Anthony Limanjaya
2023-09-03 15:41:40,Very good,5,Lucky Avicenna
2023-09-03 15:31:25,Mambantu dalam belajar,5,Khoffin Niharyanti
2023-09-03 14:50:35,sangat berguna untuk edukasi.semangat developernyaâœŒï¸,5,Sebastian Vettel
2023-09-03 14:50:31,Sejauh ini sangat puas,5,Maleh Bari
2023-09-03 14:17:15,Bagus sekali bisa memberi pertanyaan tanpa habis Terima kasihğŸ˜ğŸ˜ğŸ˜,5,Riski jaka Iman
2023-09-03 14:11:43,Mantap,5,Agus Gunawan
2023-09-03 13:28:35,Ga ada update sejak september 2023,3,Call me I dont care
2023-09-03 12:27:34,good job,5,Muhammad Ridho
2023-09-03 11:59:44,Sangat membantu,5,Rev4nnn
2023-09-03 11:59:39,"Kenapa kok tiba-tiba jadi dibatasin kemampuan chat GPT, jadi aneh chat GPT nya.",3,Faiz Sentosa
2023-09-03 09:09:12,bagus sayang,5,prilly
2023-09-03 09:04:44,Mantap!!!,5,Rendy 10
2023-09-03 08:36:20,SUKAAA BGT SGT MEMBANTU! ğŸ’¯ğŸ’¯ trimakasi chatgpt ğŸ¤ğŸ¤ğŸ¤,5,Finna Jahra Maharani
2023-09-03 07:07:16,"Aplikasi sangat baik di gunakan,saya merasa terbantu sekali",5,Hari Koswara
2023-09-03 05:41:14,"""ChatGPT adalah teman virtual yang pintar untuk menemani aktivitas sehari-hari saya. Saya suka bagaimana ia membantu menjawab pertanyaan saya dengan cepat dan akurat. Meskipun terkadang ada beberapa kebingungan, secara keseluruhan, ChatGPT sangat membantu. Terima kasih!"" ğŸŒŸğŸŒŸğŸŒŸğŸŒŸ Jawabannya aja dari ChatGPT",4,Calan Gavisia
2023-09-03 05:19:51,"chat gpt versi ampas jawaban gak nyambung dan gak komunikatif, cenderung pasif dan sangat monoton",1,Deva Tim
2023-09-03 05:17:56,Memudahkan,5,Lutfi Lutfi
2023-09-03 03:45:21,Mohon maaf tapi kok ga bisa login padahal lancar banget,5,uganisme irullah
2023-09-03 02:34:06,"Apk ini sangat bagus, saya sangat menyukai nya, ini sangat bermanfaat",5,Rafi Adiwitya
2023-09-03 02:17:32,Sangat baik,3,FTB MyTube
2023-09-03 00:45:02,just wanted to give you guys 5 stars :D,5,Hoodie Guy
2023-09-03 00:32:45,ğŸ˜,5,sapri maulana
2023-09-03 00:31:58,Crash after human verification,1,Dajjo
2023-09-03 00:17:55,"aplikasi ini bisa membuat cerita tentang imajinasi kita sendiri,aplikasi nya bagus",5,Serial Designation V
2023-09-02 22:50:07,Good,4,Omar â€œOmarâ€ Sjarif
2023-09-02 16:39:59,TYM.,5,Andreas steven Tampubolon
2023-09-02 15:25:58,APK INI YANG GW BUTUHIN SELAMA INI!!,5,GADING SATRIA ADINATA
2023-09-02 13:09:17,Sangat membantu sekali aplikasi ini,5,erlina Ypnurulain
2023-09-02 13:05:29,Tidak bisa terhubung akun Google.,1,buyung perak
2023-09-02 12:28:05,Sangat membantu bagi kami para pelajar dalam mengerjakan tugas dan memudahkan mencari informasi terkait banyak hal,5,01. Abi Putra Ramadhani RPL A
2023-09-02 11:46:25,nice,5,Jespin Lim
2023-09-02 11:42:53,Yeay,5,Ririri Dkdk
2023-09-02 10:06:05,BAGUSS!!!! MEMUASKAN!!!,5,Felix Kece
2023-09-02 09:40:04,mantap,5,Satria Fhaw
2023-09-02 08:31:18,good,5,WT U
2023-09-02 08:25:09,sep 2021,5,Agustiar Trirahmadan
2023-09-02 05:10:05,Bagus,5,Muhammad Naufal Allaam
2023-09-02 04:27:38,Mantap... rekomended banget lah..,5,Ganjar swargani Nugraha
2023-09-02 03:57:46,sangat membantu dalam mengerjakan tugas,5,M. Ridwan
2023-09-02 03:38:54,aplikasi dengan segudang manfaat,5,Skip Neygro
2023-09-02 03:16:52,sangat membantu,5,Virzha Zha
2023-09-02 03:14:20,cukup akurat,5,bagus prasetyo
2023-09-02 03:02:19,Mantap,5,Napoleon Togu Simatupang
2023-09-02 01:57:08,GODD!!,5,Densus
2023-09-01 23:28:15,Mantap,5,Alif Saefudin
2023-09-01 22:51:29,:v,5,Tristan Hartadi Putra
2023-09-01 20:22:10,"saya perlu respon yang lebih panjang untuk membuat esai dan fanfiction. jika sepuluh ribu kata terlalu panjang untuk dicapai dalam waktu dekat, saya harap setidaknya respon bisa diperpanjang menjadi setidak-tidaknya tiga ribu kata saja terlebih dahulu segera. mohon dikembangkan, ini layanan obrolan AI terbaik menurut saya. terimakasih telah menciptakan aplikasi ini untuk Android / Google Play Store di Indonesia. ğŸ˜ŠğŸ™â˜ºï¸",3,April
2023-09-01 16:02:30,OMGGG,5,Muhammad raisan
2023-09-01 14:23:08,bagus,5,Rio Alfarenza
2023-09-01 13:45:24,"Sangat sangat membantu, cepat, baik dan akurat",5,Paiman Pradana
2023-09-01 12:23:06,Gacor,5,Keanu Kane
2023-09-01 12:22:45,Very good,5,Siti Junainah
2023-09-01 10:59:32,aku suka terimakasih,5,Ahmad Zukhrufiano
2023-09-01 10:13:34,"Bagus banget,aku merekomendasikan ini sih",5,Movie Maker
2023-09-01 09:41:26,G bisa log in susah ribet mending di website langsung!,1,Nuri Nurmaulia
2023-09-01 07:48:05,saya mengucapkan bnyak trimakasih kepada developer yang telah membuat aplikasi ini apk nya sangat membantu sayaaa pokonyaa berguna banget gak nyesel kolo di instal,5,Ahmad Burhani
2023-09-01 07:13:01,Best AI I've seen!,5,Mantapan
2023-09-01 06:01:46,gamenya sangat bagus tapi terkadang lag padahal sinyal bagus,5,Mc King Chanel
2023-09-01 04:34:34,The best AI ever,5,Willy Anugrah
2023-09-01 02:40:56,Susah loginnya,1,Ratna Sari
2023-09-01 01:07:32,Kuclok,1,04_Airlangga Cahyono P
2023-08-31 23:26:20,Recommended,5,"Ariono, ST"
2023-08-31 22:43:21,membantu sya dalam mengerjakan PR. kerenğŸ‘ğŸ»,5,Balqis Wirda yunita
2023-08-31 22:42:33,Apk g guna pas kemarin nulis eror terus,2,Sky Blue
2023-08-31 17:39:12,Ok,5,Badrun Ro
2023-08-31 16:15:40,terima kasih udah jadi temen curhat :),5,Azhar Umam
2023-08-31 15:13:08,Sangat mengecewakan. Kenapa koneksinya sekarang lebih sering lemot padahal internet lancar.,2,Fatimia Rahma
2023-08-31 14:57:23,Setiap malam gak bisa di pakai padahal internet normal normal aja,1,Iqbal Zeon
2023-08-31 14:13:29,Error dan lama,1,Dina MEILIANA
2023-08-31 14:08:41,Pencarian nya sangat lama sekali,3,Yuri ALFARIHZY
2023-08-31 14:07:37,Kenapa saya nanya tidak dijawab?,5,Muhammad Fardhan
2023-08-31 14:07:11,"My signal is good, but there is always a connection error warning and the application cannot be used",2,Amir Syaifudin
2023-08-31 14:03:55,"Udah cukup bagus, lengkap, dan bisa diandalkan. Namun, kalo bisa ditambahin juga lah pengiriman bergambar. Intinya overall udah oke nih AI. Keep it up, devloper!",5,Zelix
2023-08-31 12:48:57,"Hey, I think it's a pretty good ai chat overall, but you guys know right? There are still several things to work for. And the most unfortunate thing for me is that Chat GPT only updated untill September 2021,I think it's too way back from now for these type of app. It will be super cool if you guys updated this app to the latest date, I'm really hoping you guys do so. Anyway, keep up the good things and do me this favor, can you?",4,Fauzan Rahman
2023-08-31 12:37:27,tidak bisa login,1,Akung xD
2023-08-31 11:58:04,berguna,4,Deprianto 1
2023-08-31 11:51:36,"Jangan cuma fix bug aja dong. Update juga ilmu pengetahuan ChatGPT nya. Percuma dong kalo aku tanya ke GPT tentang tahun sekarang, tapi ilmu pengetahuan GPT hanya sebatas september 2021. Ketinggalan 2 tahun ilmu AI kamu. Banyak juga informasi yang salah seperti lirik lagu FireBird dari band Roselia dari anime bang dream. Itu bukan fire bird lirik yang dikasih. Itu 1 contoh saja. Sisa nya saya gak tau ada yang salah atau tidak. Setidaknya, update kepintaran AI nya wajib. Jangan bug fix mulu.",5,Mizuhashi Akira
2023-08-31 10:53:29,bagus,5,Fauzan Smart Craft
2023-08-31 09:47:33,"Perangkat saya adalah Xiaomi Redmi 7 dan aplikasi ini ga bisa di jalankan dan walaupun saya sudah mengikuti langkah yang di sarankan untuk mengizinkan telfon di layanan google play tapi tetap saja sama, dan waktu saya meng uninstal aplikasi ini malah ga bisa tapi setelah saya uninstall lewat play store ternyata bisa, semoga aplikasi ini dibuat lebih ringan lagi dan ga makan banyak ram, terimakasihğŸ‘",4,Venom Cyber Security
2023-08-31 08:58:12,sangat membantu dan memuaskan tanpa kekurangan.Sudah lama munuggu aplikasi ini rilis di android dan setelah rilis sangat puas sekali.GOOD JOB,5,Adjie Adjie
2023-08-31 08:49:58,Halo masbro kata chat gpt,5,William Harlan
2023-08-31 07:45:02,good job!,5,andang ismail
2023-08-31 06:45:10,keren,5,Bariyonet Enther
2023-08-31 06:04:30,Mantap,5,Seorang Manusia
2023-08-31 05:32:14,kerennnnnnnnnnnn,5,Demila hulhanifah
2023-08-31 04:57:39,Aplikasi tidak berguna tidak bisa login maunya apa haaaa maunya apa mau lo apa?tak banting lengket kamu,1,Akuaku Odins
2023-08-31 03:52:37,"syukurlah sekarang ada versi apps nya, jadi mudah bangen mau pakainya",5,Maku No Kazu
2023-08-31 03:41:19,best,5,Rangga v y
2023-08-31 03:13:09,mantap membantu,5,Ananda Gumer
2023-08-31 02:11:58,"Baguss, ChatGPT sangat membantu saya ketika dalam melakukan pekerjaan dan masih banyak lainnya. Terus kembangkan untuk selalu menjadi yang terbaik ğŸ‘ğŸ‘",5,Mochamad Rivaldi
2023-08-31 01:47:45,lumyan,5,Rafee Atta andhika
2023-08-31 00:49:23,best app for free,5,Zahy al abiyyu
2023-08-31 00:19:33,bagus banget apk ny bisa membantu ngerjain tugas sekolah.ğŸ‘ğŸ˜,5,Iyan Paok
2023-08-30 22:58:06,AI is weird...,5,Syafiq Here
2023-08-30 22:47:00,Sangat membantu dalam segala hal!ğŸ¤© Resep makanan sekalipun ğŸ˜,5,Adyatma Eka Santosa
2023-08-30 22:04:45,Hebat,5,Hayu Hayuuu
2023-08-30 13:40:32,kurang yakin,4,lio refal
2023-08-30 12:51:20,Mantap,5,Hudzdha
2023-08-30 12:50:22,bagus,5,Ariz Kull
2023-08-30 12:08:21,sangat bagus 10 bintang,5,Nurjanah Sri Mulyaningrum
2023-08-30 11:00:42,Keren,5,Rapi
2023-08-30 04:47:32,bagus bet,5,imshas shaitul
2023-08-30 03:57:01,mntap,5,Rizqi dmna
2023-08-30 03:17:21,Sangat membantu,5,Inten Suweno
2023-08-30 01:59:53,aplikasinya berguna dan menyenangkan,4,Naya Naya
2023-08-30 01:36:45,"the application is good, it would be great if there was a feature of being able to ask questions via photos in the future I hope there will be an update sending questions via photos to make it easier to make questions, especially math questions it's easier to go through photos for the questions to make it easier for AI to understand the question, that's all I'm good about, thank youğŸ˜»",5,Xnyyraa ?
2023-08-30 00:32:36,"sudah bagus,. tingkatkan lagi",5,Ninja of Gamers
2023-08-29 22:56:54,GG,5,tukang sad
2023-08-29 22:49:52,Excellent.,5,Ge Nyanns
2023-08-29 21:32:34,keren,4,13. Lorin Vigitia Prasetya Ananda
2023-08-29 18:54:43,"Saya sangat puas setelah menggunakan chagpt ini, karena sudah memberikan jawaban yang sangat akurat dan juga sangat membantu saya dalam mengerjakan pr (pekerjaan rumah) ğŸ—¿",5,HASYIM56
2023-08-29 16:23:49,BEST,5,Farida Ida
2023-08-29 15:54:03,Never mindğŸ˜,5,Marshal Adrariana
2023-08-29 15:52:13,Error,1,Wahyu Hidayat
2023-08-29 15:22:04,Intinya gini GRATIS,5,Hilda Ifana saragi
2023-08-29 15:19:36,Sangat membantu sekali untuk yang suka bekerja dalam seni,5,Ifva syarif fanny
2023-08-29 14:55:28,"Aplikasi nya sangat bagus , 100% gratis tidak ada gangguan dan respon ai nya sangat cepat Sangat membatu saya dalam mengerjakan tugas sekolah ğŸ‘",5,i.Hanz05
2023-08-29 14:50:08,More bugs,1,AdiL Fadhli
2023-08-29 14:50:06,Apk ny bagus cuman kadang kadang sistem ny eror,5,Chelvin Christiansantosa
2023-08-29 14:35:11,Aplikasi nya bagus si tetapi aku coba chat kok error aplikasinya padahal WI-FI aku masih lancar,3,Foto Mansion
2023-08-29 14:31:25,besttt,5,dappamusyappa
2023-08-29 14:31:10,"gimana cara mengatasinya ya? ga bisa masuk dengan alasan koneksi jaringan buruk, padahal jaringan okeÂ² aja buat yang lain",1,Agnardie Aldy Julian
2023-08-29 14:22:13,Bagus,5,Sahril Kadir
2023-08-29 13:03:45,aplikasi ya bagus,5,Zamril Ululazmi
2023-08-29 12:46:50,"Stupid application, can't log in even though the account is correct In fact it's an error, chat isn't important ğŸ–•",1,Kadek Wiguna
2023-08-29 12:32:32,"ini cukup membantu saya untuk mengakses Chat GPT. Dulu saya pernah memakai dari pihak ketiga yang menggunakan API dari Chat GPT tetapi tidak lebih cepat daripada ini, karena disuruh bayar baru bisa cepetğŸ˜„. Dam saya harap Chat GPT 3.5 gratis selamanya. Dan menurut saya kelebihan dari aplikasi ini hasil chatnya bisa dilihat maupun offline berbeda dengan yang berbasis web. Terimakasih",5,Eridz
2023-08-29 12:24:20,bug pada saat menulis dan AI sering menebak nebak jawaban(sesat),4,Difficult Games
2023-08-29 12:14:18,Aplikasi yang sangat membantu buat mencari informasi yang di butuhkan :v,5,Kamilin Masbro
2023-08-29 12:05:29,Aplikasinya canggih dan berguna banget. Pokoknya saya approve deh ğŸ‘,5,Irvan Mikhael
2023-08-29 12:01:12,ai yang sangat berguna,5,VIII A Samuel Putra Hengky Godfried
2023-08-29 11:48:37,very gud app,5,RajaParaDewa
2023-08-29 11:14:01,"Gpt 4,50 Pesan setiap 3 jam,cukup pelit,jika dapat tolong tanpa batas,tolong jangan serakah, terima kasih.",1,Rocky Saputra
2023-08-29 07:21:49,Mantap,5,Novi Rosita
2023-08-29 06:16:52,aplikasi nya sangat membantu,5,Agung ajaah
2023-08-29 03:56:52,sangat baik. pertahankan dan selalu tingkatkan,5,Muhammad Faiz Ali
2023-08-29 01:58:34,"suka banget, btw tolong diupdate informasi nya hingga informasi terbaru saat ini",5,mrfzul
2023-08-29 01:23:22,Nice,5,Clowy _20
2023-08-29 01:19:55,aplikasi yang bagusğŸ‘,5,MUHAMMAD ARYASUTA
2023-08-28 23:07:35,"Terima kasih, sangat terbantu",5,angga darwinsah
2023-08-28 16:20:21,"Sesuai janji saya,saya akan memberikan bintang 5 pada apk ini y karena apk ini sangat membantu dan membuat rasa penasaran saya menjadi terpecahkan terimakasih dev telah memberikan apk yanh bagus ini dan juga gratisğŸ—¿ y saya suka gratis mungkin tinggal dikembangkan saja apk ini MOHON MAAF BILA ADA KESALAHAN KETIK TOLONG DIMAAFKAN,terimakasih yğŸ™ğŸ™ğŸ™ğŸ˜",5,Yasa Botak man
2023-08-28 13:58:10,Nice bro,5,OMEGA 3&6
2023-08-28 13:47:46,"Sangat informatif untuk mengetahui berbagai hal secara general, bisa bgt buat minta saran dan berbagai penulusuran sederhana",5,Dayan Rifqy Nujaba
2023-08-28 12:39:32,akhirnya liris versi play store nya aku harap banyak fitur yang akan di tambahkan di sini contoh : text to image,5,Melzy Craft
2023-08-28 11:39:42,best AI,5,Bintang Baskoro
2023-08-28 11:26:18,Bagus banget tapi masih terbatas Informasi nya dan harus ikut premium GPT-4,5,Account Google
2023-08-28 11:12:28,"Ini yang asli ya teman teman, yang lain itu bajakan semua!",5,Ringson Sidabutar
2023-08-28 10:44:47,Aplikasi nya bagus,5,ela eli
2023-08-28 07:34:16,Aplikasi ini sangat membantu dalam mengerjakan soal,5,Rizky Pratama
2023-08-28 06:55:59,nice!,5,Ademi Sandy Puray Djanan
2023-08-28 06:15:28,The stars speaks,5,Robby Andreas Eddivanto
2023-08-28 04:30:36,keajaiban teknologi,5,Doppo A12
2023-08-28 03:50:19,"Salah satu aplikasi terbaik , terima kasih sudah menyediakan versi android",5,Nameri
2023-08-28 03:45:12,"hahah, tolong tambahkan fitur gambar/memindai gambar",5,Aden
2023-08-28 02:30:56,MANTAPPP,5,talitha noreen nitya
2023-08-28 00:51:54,"Sangat bagus, dan membantu",5,Kandidus Tolok
2023-08-27 23:44:07,luar biasa mantap sangat membantu utk bikin artikel,5,heru sugiharto
2023-08-27 22:37:04,Keren seperti asisten pribadi. namun tetap perlu dikonfirmasi sumber bahan bacaannya untuk memastikan validitasnya. Untuk itu tetap kunjungi perpustakaan baik offline maupun online.,5,Aristianto Hakim
2023-08-27 14:14:18,"Apknya sangat membentu sekali, terimakasih ChatGPT.",5,Melki Sedek
2023-08-27 13:51:35,bagus ğŸ‘,5,Marliano Rheza Prathama
2023-08-27 13:13:11,USEFULL!!,5,FandanaAldi 89
2023-08-27 12:28:16,Ini apk terbaik ğŸ˜«,5,Alvi Pratama
2023-08-27 11:39:59,bagus bagus banget kalau bisa tolong progam ai nya agar bisa berbicara seperti sedang berbicara bersama teman melalui WhatsApp agar lebih nyaman lagi saat berbicar tentang suatu masalah,5,aujasena risang
2023-08-27 05:53:56,kak,5,Diah Gumelar Andayani
2023-08-27 04:30:07,kasih ada emosi weee,5,Ahmad a.s
2023-08-27 02:59:34,mantap,5,SamAdanCookies
2023-08-27 00:10:37,Login berkali2 gagal tidak segera diperbaiki masalah ini,1,Qazwe Qaz
2023-08-26 13:09:44,kok bisa network error padahal wifi ku masih enak enak aja,1,Adit Adit
2023-08-26 12:56:52,Sangat bagus ketika gk ada temen ğŸ—¿,5,ACONG BONG
2023-08-26 12:24:54,"Suka sekali dengan aplikasi ini,sangat bermanfaat.",5,Willie Zhao
2023-08-26 11:15:59,Please add ChatGPT version 4 free please,5,Mito T35
2023-08-26 10:42:15,"Sejauh ini mantep banget, keren",5,alma fatah
2023-08-26 09:05:11,aplikasi yang sangat bagus dan mind blowing jika digunakan dengan tepat aplikasi ini dapat memberikan manfaat lebih untuk kita,5,NB
2023-08-26 08:15:51,mantap memudahkan untuk mecari solusi dan permasalahan mengenai apa saja yg di butuhkan,5,abdul hafidh hasan
2023-08-26 07:23:19,"luar biasa,sangat membantu",5,Darma Pardosi
2023-08-26 06:29:48,"Semoga Akses Dengan Pembaca Layar, Bagi Para Pengguna Disabilitas Netra",5,HAMZAH
2023-08-26 03:00:42,"Yosh sip, aplikasi terbaik",5,Achmad bayhaqi Iqbaludin usman
2023-08-25 15:30:59,"Salut sama apk AI satu ini salah satu yang membikin aku suka dari apk ini adalah bisa membuat cerita yang sambung menyambung dan terus menerus tanpa henti mau sampai ratusan part maupun episode dan season dan ya cerita cerita ini bisa juga di sesuai dengan kemauan kita sendiri mau tokoh nya siapa namanya mau kek mana ciri fsik karakter kek mana bisa kita atur atur sendiri cerita nya sangat sesuai dengan imajinasi GOOD JOB ChatGPT, dulu hanya bisa dibayangkan sekarang bisa di baca secara lisan",5,Bara SkyNight
2023-08-25 14:14:26,Seperti bertanya dengan teman...,5,Iman Sulaeman
2023-08-25 11:59:28,Terima kasih ChatGPT ğŸš¥,5,Ray Andika (Rayka)
2023-08-25 09:52:53,Sangat bermanfaat untuk orang yg sulit bertanya langsung kepada orang lain secara kritis.,5,nurholis marshall
2023-08-25 09:42:09,"Sangat membantu tugas dan motivasi,tutorial, DLL Terimakasih Chat GPT",5,Akmal Rizqi Naim
2023-08-25 04:06:52,sangat membantuu bngtttttttttğŸ¤©ğŸ˜ğŸ˜ğŸ˜ğŸ˜,5,Anisyah Astriasari
2023-08-25 02:59:05,Keren,5,Juli Ardi
2023-08-25 02:51:53,Fast respond,5,Sujud Budi
2023-08-25 01:03:43,kami ingin Chat GPT 4.0 yang lebih baru & interaktif,5,Pathetic Art Studio
2023-08-25 00:04:33,"update aplikasi kamu, sampai pengetahuan 2023. aplikasimu terhenti di September 2021",4,andika sofyan
2023-08-25 00:02:11,Very helpful! â­â­â­â­â­,5,Karenhapukh .s.
2023-08-25 00:01:24,rawr,5,y kyyyaa
2023-08-24 23:36:22,"Terima kasih untuk fitur gratis/free nya sangat membantu. Buat kalian yang gagal registrasi atau sign up coba kalian buat akun di web resmi nya baru login ke aplikasi ini. Plis nanti jangan hilang kan fitur gratis/free, ini sangat membantu good job OpenAI.",5,Amazon Merah
2023-08-24 18:07:00,Good,4,Prio Oetomo Josopranoto
2023-08-24 15:03:52,bisa menambah wawasan,5,okta gram
2023-08-24 14:25:55,Saya kasih pertanyaan dijawap layak nya manusia tingkat kan lagi ğŸ˜€ğŸ‘,5,Peyol CahayaMahendra9111
2023-08-24 14:06:31,Kapan pengetahuan AI nya diperbaharui? Karena AInya bilang jika pengetahuannya terakhir diperbaharui pada 21 September 2021 . Saya harap developer bisa memperbaharui pengetahuan Sang AI ya. Jika sudah diperbaharui saya akan tambah 1 bintang menjadi 5 bintang woke?,4,XI.8_ Varrel Wira Yudha
2023-08-24 12:40:53,mantap,4,KANGMAS
2023-08-24 06:34:00,Gooood,5,Hafiz Difanza
2023-08-24 05:52:47,keren cuyy,5,Wira Satria Wibawa
2023-08-24 05:08:25,MANTAP,5,Wahyu Dwi
2023-08-24 04:13:08,Good,5,Abu Hilmi Rusman
2023-08-24 03:25:09,saya suka ini,5,Julius surfnet
2023-08-24 00:54:09,Kerenn bngttt pkonyaa,5,Dafkev kea
2023-08-23 22:13:10,Salah satu aplikasi terbaik di era ini,5,Risya Muttaqien
2023-08-23 19:36:02,Sungkem sama sepuh AIğŸ™,5,Soffan Ulin Nuha
2023-08-23 19:32:59,"Kenapa saya tidak bisa login di aplikasi ini, sudah berulang kali login dengan email, akkun google tetap tidak ada respon.. Apa solusinya?",1,Supra Ex
2023-08-23 15:13:08,sangat sangat membantu saya baik dalam mengerjakan tugas maupun menanyakan hal hal lain,5,Afgan Toha. S
2023-08-23 15:00:18,keren,5,Mahruf Limbong
2023-08-23 11:07:27,Good app,4,Agus Togatorop
2023-08-23 08:48:26,fitur premiumnya mahal banget,4,2nd 2nd
2023-08-23 07:44:18,kereeen,5,Muhammad Rizky
2023-08-23 07:22:13,bagussss!!,5,Uus Hernawan
2023-08-23 07:06:16,baik,5,ernawati enna
2023-08-23 06:36:16,gooodddddd,5,Wita Rosita
2023-08-23 06:02:56,sangat membantu,5,Dodik Wahyudi
2023-08-23 05:46:33,is the best,5,Nals sidabuke
2023-08-23 05:30:15,"sangat bagus,dan sangat membantu,terimakasih open ai ğŸ—£ï¸ğŸ’¯ğŸ’¯",5,Afrian Kugisaki
2023-08-23 04:24:21,Boombastic,5,AfanHnBi_54
2023-08-23 03:57:08,The best,5,Yodan Arsyad
2023-08-22 19:06:17,"Sukaa bgt sama chat Gpt yang ORI, sudah ada di Play Store ğŸ’™ğŸ’™ğŸ˜",5,Skyblue craft
2023-08-22 13:41:27,kerja sama,5,Gangsing Dellvine
2023-08-22 13:21:46,AI nya bagus nya sangat membantu:),5,Z GAME GAMING
2023-08-22 12:12:01,bagaimana mengajarkan persamaan kuadrat yang praktis bagi siswA KELAS 9 SMP,5,safruddin sadaralam
2023-08-22 10:51:02,Sangat sangat membantu sekali Terimakasih AI,5,Qwp Qwe
2023-08-22 10:41:17,Tidak seperti whatsapp kalau chat di sini lama kelamaan akan hilang dan ulangin lagi dari awal mohon perbaiki,2,Ahmad Efendi
2023-08-22 09:46:11,Bagus ğŸ˜,5,Raft Science
2023-08-22 06:59:23,gg,5,Ahmad Naufal Faruq
2023-08-22 05:56:45,Keren,5,Haeral Ansari
2023-08-22 04:02:20,"sangat membantu dalam menyelesaikan masalah,maupun dari pelajaran,atau hal lainnya, kekurangan nya hanya batas 2 jam,dan batas pengetahuan 2021",5,fÎ±É¾Ğ½awc
2023-08-22 03:40:20,"aplikasi yang bagus, sangat membantu ğŸ˜",5,Him Mmye
2023-08-22 03:09:45,Mantap benar aplikasi sangat membantu,5,eby tapilahuwane
2023-08-22 02:43:09,trimkasih sangat membatu saya ğŸ™ğŸ™ğŸ™ğŸ™ğŸ™ğŸ‘ğŸ‘ğŸ‘ğŸ‘ğŸ‘ğŸ‘ğŸ‘ğŸ˜,5,Kafi Khoirudin
2023-08-22 01:01:11,Keren,5,sidiq rojali
2023-08-22 00:12:11,Chat gpt belum tentu benar 100% nilai saya 75 karna liat chat gpt.,3,Shazwan 23
2023-08-22 00:03:04,"The Bot knowledge is very broad, I like this :)",5,Vizz
2023-08-21 17:33:36,"Saya harap sekarang dan seterusnya tidak ada batasan dalam hal bertanya kepada AI, saya tidak mau aplikasi ini seperti apliaksi AI yg lain dimana mereka membatasi pertanyaan yg diajukan setiap harinya dan hanya bisa menggunakan premium agar bisa bertanya tanpa batas",5,Malik Fajar
2023-08-21 16:37:32,Bagus banget,5,Adinda Ifranida
2023-08-21 14:09:21,sangat membantu masalah dikehidupam sehari hari,5,Fatih Fawwaz Albanna
2023-08-21 13:22:16,"wow, kaget saya ternyata teknologi nya di luar nurulğŸ˜ğŸ˜",5,Muhammad Zhorif
2023-08-21 13:18:00,kereeen kaaaalliiiii,5,pasar forex
2023-08-21 12:26:51,"Ini baru aplikasi chatgpt yang asli buatan open ai. Gak kayak aplikasi yang lain, bawa-bawa nama chatgpt tau-taunya gadungan ğŸ˜‚ğŸ˜‚",5,R.P K A
2023-08-21 11:12:04,Good,5,Faisal Kasim
2023-08-21 09:43:36,Best,5,Rafhael
2023-08-21 07:12:32,Baik,4,Ildeberto Costa
2023-08-21 04:47:38,Sangat mudah digunakan dan kerja lebih cepat.,5,Syaifuddin Naim
2023-08-21 03:05:24,terbaik,5,Khairil anwar Dabutar
2023-08-21 02:23:15,"Masya Allah, sangat bagus",5,Yusuf Agency Jogjakarta
2023-08-20 13:51:44,ChatGPT sangat membantu memecahkan masalah dalam berbagai bidang ilmu pengetahuan,5,sudrajat ajat
2023-08-20 13:17:55,sangat berguna untuk kebutuhan sehari-hari maupun mendatang,5,Angga Sudana
2023-08-20 03:37:58,bagus,5,Muhammad Deedat Fatihissalam
2023-08-20 00:56:33,"nice, i love it",4,Syifana Ayu Prashintiya
2023-08-19 16:02:49,good,5,Achmad Afandy
2023-08-19 13:53:46,akurat,5,JETX
2023-08-19 09:02:01,Wow.... Luar biasa ğŸ‘ğŸ˜,5,Dana
2023-08-19 09:01:43,mantap,5,Fachry Razka Wiratama
2023-08-19 07:45:30,Good but why did the history chat dissapear,5,Tuner Indo
2023-08-19 04:57:13,"sangat asik, seperti layaknya manusia",5,Yudha Gamerzâ€¢099
2023-08-19 04:54:51,Terlalu konservatif peringatan pelanggaran policy-nya,4,Feli Yulita
2023-08-19 04:37:32,Sangat mudah mencari informasi . Dan setiap kekurangan pasti ada kelebihan,5,Rapi Da
2023-08-19 00:02:55,sangat membantu kuuu sekaliii,5,Raymirza Ismail
2023-08-18 17:41:41,"This is the good app!!! Very useful for life! Hope the creators get the ongoing good deeds, amal jariyah!",5,Fajri Rido
2023-08-18 13:02:09,Good Project ...mudah dan ringkas dalam menemukan jawaban dan solusi dlm kehidupan kita sehari2 ...tks chatgpt ğŸ¥°ğŸ™,5,Donny Lukman
2023-08-18 00:36:04,I hope ai still growing so fast,5,Zidane AL
2023-08-17 22:02:27,"Aplikasi simple yang sangat bermanfaat! Thanks for app, semoga kedepannya makin berkembang dan memberikan banyak manfaatnya. Good job",4,kang li chanel
2023-08-17 20:54:15,Luar Biasa Aplikasi Ini.,5,Sri Wahyuni
2023-08-17 09:11:09,membantu tugasku(walau matematika ada yang meleset),4,Skull 501
2023-08-17 08:59:35,sangat bagus,5,Dimas Firman
2023-08-17 08:34:33,sangat membantu pekerjaan saya,5,Rudi Cuan
2023-08-17 06:39:08,Sangat Membantu Terutama Dalam Urusan Buatkan Sebuah Do'a,5,Ilham Fadjrin
2023-08-17 06:12:47,Suka banget sama aplikasinya. Hasil yang ditampilkan dari pertanyaannya sangat akurat 95%. Dapat mempermudah dalam pengerjaan ringkasan dan opini2 yg kadang simpang siur. Thank u untuk aplikasinya.,5,"Arifhin, Tamin"
2023-08-17 05:39:52,gg,5,Cer yy
2023-08-17 03:53:12,"sangat membantu sekali, terimakasih untuk manusia yang membuat AI ini. love u so muchğŸ’“",5,Timothy Christian Prasetyo
2023-08-16 20:38:09,"keren, canggih ğŸ‘",5,Bambang Suhandono
2023-08-16 18:28:50,Nice,5,Rimbun Nan Hijau Logistik
2023-08-16 12:12:53,Bintang 1 dulu nanti kalau beneran bagus aku tambah bintangnya,1,Reza Ica
2023-08-16 11:07:42,kerja bagus,5,Farhan Arsyah
2023-08-16 11:00:24,Sangatt suka..seperti punya teman curhatğŸ˜ŠğŸ˜ŠğŸ˜ChatGPT KEREN.,5,Asep Saputra
2023-08-16 10:13:03,Pengetahuan cuman sampai 2021,2,Ayil Musa
2023-08-16 03:32:04,"Apk nya bagus mungkin yang kurang itu cuma pengetahuan yg terbatas di September 2021 serta, tolong next update kasih fitur web, gambar dll ğŸ‘",5,Muhammad Tesya Abdullah
2023-08-16 01:12:01,"bagus, sangat membantu",5,Sabihun Nahar
2023-08-15 17:32:04,"this is awesome, This is incredible, the design is very lightweight and user-friendly very dynamic, I hope stays way â¤ï¸",5,Rizki Jamus Wijaya
2023-08-15 15:27:14,AI paling ter best yg pernah ada,5,Iqbal Hisam
2023-08-15 13:26:17,Usefully used.,5,Karelst Reynata
2023-08-15 06:42:44,Mantap,5,Orang Biasa
2023-08-15 06:30:39,"responsible oke, unik",5,Hadad Maulana
2023-08-15 04:58:27,mantap,5,Isak Krestian Budi
2023-08-15 04:12:21,Very helpful in daily needs,5,Raihan Noviansyah
2023-08-15 03:04:35,Very useful,5,13 Adi Sanjaya XIIIPS1
2023-08-14 17:26:08,i love this app,5,Ahmad Paozi
2023-08-14 15:26:58,yess i love technologi,5,Arfa Alghiffari
2023-08-14 13:37:51,aplikasi yg sangat keren dan sangat membantu,5,Karan Arkana Suroso
2023-08-14 13:21:57,"very good, i will give 4 stars, maybe i will give 5 stars",4,Gilang Gumilang
2023-08-14 12:52:16,Wow,5,Jhonatan Riscky Setiawan
2023-08-14 12:22:44,aku suka...aku suka.....,5,Yety Tryani
2023-08-14 12:05:08,Kemampuan ia yang luar biasa mau sesulit apapun pertanyaannya ia dengan mudah menjawab terimakasih chatgpt,5,Deva Pratama
2023-08-14 04:13:12,sangat membantu,5,Abu Khaalish
2023-08-13 22:25:24,keren,5,Iqi TheVillain
2023-08-13 20:56:06,sangat bagus sesui dengan keinginan palajaran,5,Alun Pertiwi
2023-08-13 12:24:16,bagus banget cuma tidak bisa kasih jawaban dengan foto atau memberi soal atau apapun dengan foto semoga kedepannya bisa mengirim sesuatu dengan foto.,5,Adam Satria wibawa
2023-08-13 11:45:59,"Overall good, apk ringan, sangat membantu dan sangat mudah untuk dioperasikan. MudahÂ²an dimasa yg akan datang ChatGPT dapat mengimput opsi lain seperti gambar atau video.",5,019_Ichsanudin Sastra
2023-08-13 10:57:56,"sudah sangat bagus, namun setiap jawaban masih tersa sedikit kaku namun itu bisa diperbaiki",4,Rizki
2023-08-13 05:13:49,topppp,5,Ryanda krisna gandhita
2023-08-13 04:35:56,Saya sangat sangat kecewa dengan aplikasi ini!!! Saya mencoba untuk registrasi tetapi ada saja hal yang membuat ini lebih sulit! Padahal saya menggunakan aplikasi ini untuk mempermudah hidup tetapi malah mempersulit hidup. Registrasinya sangat merepotkan!,1,sekar sari
2023-08-13 01:30:00,Good ğŸ‘freeğŸ‘,5,dmg 0007
2023-08-12 11:22:15,walaupun banyak aplikasi chatgpt namun yang offici jauh lebih baik,5,Rizky Dwi Saputra
2023-08-12 11:03:56,"ChatGPT versi app jelek amat, gak sebaik versi web. Jawaban di aplikasi cenderung pada kesimpulan dan jawaban singkat, gk sedetail dan seinformatif versi web.",1,Dhimas Thoriq Purwanto
2023-08-12 10:09:51,Good,5,Meliyani Anastasya
2023-08-12 05:29:09,makasihh,5,Essel Official
2023-08-11 23:07:50,keren,5,intan Maulida Joisangadji
2023-08-11 20:50:14,thx,5,Joe Satrio's
2023-08-11 16:25:17,Ok,5,Wira â€œDay'Zâ€ Ksatriadjie
2023-08-11 15:46:55,gpt 4 ada gk ya,5,b o r n 30
2023-08-11 15:33:14,sangat berguna dan bermanfaat,5,Faris Jhatisunda
2023-08-11 12:32:24,Sangat berguna dan bermanfaat Sudah saya coba dan bekerja dengan semestinya Semoga untuk pengguna gratisan seperti saya terus bisa menikmati fiturnya Walau tidak ada penambahan fitur setidaknya fiturnya tetap sama seperti sekarang Kalau bisa sih ada tambahan teks ke gambar Tapi begini saja sudah cukup Terimakasih,5,Riantomen Bocel
2023-08-11 07:00:41,Nice!! Very useful,5,Muhamad Akbar Fauzan
2023-08-11 06:07:19,app ini sangat membantu sekali...memudahkan para conten creatif untuk mendapatkan ide ide yg positif,5,Mr. Acho
2023-08-11 01:57:46,Bagus,5,Samsung Medan
2023-08-11 01:53:24,Mantap,5,Rey
2023-08-10 23:37:08,benar2 bs diandalkan utk menopang khidupan,5,Moch Cholik
2023-08-10 19:30:16,Nipu,1,Goldies Sinema Indo
2023-08-10 13:45:33,Cukup membantu dalam mencari kosakata,5,Amir Machmud
2023-08-10 13:18:36,Nice,5,Raphael Liebert
2023-08-10 13:14:50,bagus sekalih,5,fillendl
2023-08-10 13:09:28,"Please support subscription through google play, thx",5,Andrew A
2023-08-10 12:03:17,best ai,5,Fr Andreas
2023-08-10 10:46:13,100/10,5,Terri Mama
2023-08-10 03:32:59,"IS IT SAFE? How can you make sure that it is safe to users? We are installing AI in personal phone. Some dumb users may put sensitive information into the chat, or share their personal thought in politics, etc. The AI can collect these data, map the network locations, and 'play' with it.",1,Arif Masmawi
2023-08-10 01:58:32,"Mayan lah tapi sayangnya gk ada lisensi buat lirik lagu kayak waiting for love dan see you again, tapi overall ini bagus dan sangat membantu",5,Saputra Adit (Ditt)
2023-08-10 01:28:45,Very useful,5,Achmad Ramdhani
2023-08-09 21:10:27,"Saya masih tidak dapat melakukan login. Saya memiliki kecepatan internet yang saya yakin itu lebih dari cukup. Saya hanya memiliki satu perangkat, dan itu kompitabel. Saat melakukan login dengan google, saya memilih akun lalu menekannya, pemuatan login sangat lama , itu benar benar membuang waktu saya.",1,Kak Dyo
2023-08-09 17:54:37,like,5,sulfia putri
2023-08-09 15:39:41,"chat nya bekerja dengan baik terimakasih atas aplikasinya, ini sangat membantu",5,vibur254
2023-08-09 15:00:12,Aplikasi yg sangat membantu terima kasih.,5,Ivan Jatnika
2023-08-09 13:38:00,Sangat membantuğŸ‘,5,Si Pedo
2023-08-09 04:57:33,Bagus banget apk nya tapi mohon kedepannya untuk ditambahkan fitur untuk gambar/foto,5,Wahyu Krisna Dinata
2023-08-09 03:49:00,Teopebegete ğŸ‘ğŸ‘ğŸ‘ğŸ‘ğŸ‘ğŸ‘,5,Redmi Tujuh
2023-08-08 22:05:29,"Sangat membantu, tapi tolong berbayar dan diberi limit perhari saja agar tidak banyak yang memakai dan menyalahgunakannya",5,Keyz
2023-08-08 14:45:43,"Sangat bagus, luar biasa, maunya jadi asisten pengganti google bisa?",5,ACHIMNORTU
2023-08-08 06:21:05,"Keren sekali, banyak membantu masalah yang dihadapi",5,Zainal Arifin
2023-08-08 05:44:45,Great,5,Mardinisme Project
2023-08-08 04:57:51,makasih chat GPT... semua informasi terasa lebih mudah,5,Harija Sadewa
2023-08-08 01:20:19,"G bisa login muncul "" A compatible browser for login was not found . Please install Google Chrome or another supported browser ...... "" Padahal aku udah ada Google Chrome versi terbaru dan Opera tapi masih tidak bisa.",1,Yuuki Alice
2023-08-07 14:51:08,"Aplikasinya bagus tapi yang kurang itu,nggak diupdate karena itu aplikasinya nggak terlalu berguna",4,Muh Maulana Ardiansyah
2023-08-07 14:47:39,Bagus banget ğŸ‘ğŸ‘ğŸ‘ğŸ‘ğŸ‘,5,Redmi Note7
2023-08-07 09:54:24,"Setelah menggunakan sekian lama, nampaknya chat gpt masih jauh dari harapan pemakai. 1. Sering memberikan jawaban yang salah. 2. Jawaban mudah diarahkan/ dijebak oleh penanya, akibatnya menghasilkan jawaban yang konyol. 3. Untuk soal berbasis hitungan 9 dari 10 pertanyaan jawabannya SALAH. 4. Jika dilakukan generate maka pertanyaan matematika akan memiliki jawaban yang berbeda beda. Kesimpulan: CHATGPT BELUM SIAP DIPERGUNAKAN. LEBIH BAGUS BARD AI GOOGLE( WALAUPUN MASIH DALAM TAHAP EXPERIMENT) !",1,Winter Rain
2023-08-07 08:21:58,"Membantu banget gak kaya google kalo di tanyain malah suruh cari di web ribet lama,ini the best",5,Mui Jung
2023-08-07 06:39:55,very good,5,suryajaya land
2023-08-07 03:36:07,sayang bgt terakhir update 2021,5,Da Ji
2023-08-07 00:45:25,"Pokokny semua nyaris jadi mudah fengan hadirnya chat gvt . Ta k,s alot",5,Moh Endang
2023-08-06 11:47:51,Sangat bagus âœ´ï¸,5,Muh Arga
2023-08-06 11:30:24,nice,5,gilang geery
2023-08-06 11:04:54,"Kenapa untuk android versi nougat tidak bisa dibuka ya aplikasinya,apakah tidak suport?",5,Yogak Julian
2023-08-06 06:27:13,Amazing,5,Iim salimah Salimah
2023-08-05 16:13:45,"Network error terus, hampir gak bisa digunakan. Padahal jaringan bagus. Uninstall aja deh, tidak berguna",1,Andy Marisa
2023-08-05 14:54:46,menakjubkan,5,Rivan Khan
2023-08-05 09:20:31,Update selalu AI nya biar mantap,5,Rama Ahmad
2023-08-04 15:18:23,"Keren aku jadi semakin malas BerfikirğŸ˜‰, Eh Bercanda Dengan Ini jadi membuat Mudah Pekerjaaan",5,Eagle Spy
2023-08-04 08:36:02,"Bagus tapi, tolong tambahkan fitur untuk menyimpan chat yg lama, untuk nantinya dipakai lagi seperti versi web",5,Yulius Evan Karunia
2023-08-04 06:16:22,"Sudah bagus, tapi masih ada bug yg mengganggu, ketika sedang mengetik lalu meng space akan menghilangkan sebagaian text, itu sangat menyulitkan pengguna seperti saya, semoga di perbaiki.",3,á·«
2023-08-04 00:38:38,"Responsif dan sabar ,ğŸ¤£ğŸ¤£",5,Tanca Skd
2023-08-03 23:20:32,"Bug: Fullscreen text editing tidak terlihat saat Dark Mode Update: Now it's fixed after the update, thank you",5,Satria Bumi
2023-08-03 22:07:22,susah amat loginnya,1,Hadier Al Ghanie
2023-08-03 17:42:55,Bingung,1,Giggsto Aurelio
2023-08-03 14:01:25,"Menurut ku aplikasi nya bagus tetapi tolong pengetahuan AI nya ditambahkan, agar AI nya semakin pintar dan dapat menjawab pertanyaan dengan tepat.",5,Apriazri Haidhar Alzam
2023-08-03 13:28:44,Jika ai ini memiliki perasaan maka ini akan menjadi luar biasa!,5,Afif Said K Z
2023-08-03 04:06:47,Goodjobs,5,sutomo official
2023-08-03 03:33:45,Oke the best,5,Didil Girit
2023-08-03 02:10:26,"Kalau ada script kode, bisa langsung salin tanpa memilih teks, tentu tanpa menghilangkan fitur tersebut",4,shinji choube
2023-08-03 01:03:12,Sangat bermanfaat â˜†â˜†â˜†â˜†â˜†,5,M. Faiq Agustian
2023-08-02 23:43:08,Very helpfully for me.,5,Asep Rohimat
2023-08-02 23:18:55,Masa apk ini tidak bisa di download di HP saya yang satunya padahal versi sistem HP sy sudah yang terbaru. Tolong dong bisain download ke HP redmi 6A,1,Sofia Hade
2023-08-02 16:09:19,best banget ini boskuh,5,abdullah abdullah
2023-08-02 15:54:08,gacor kang,5,pratama magha
2023-08-02 13:52:52,Best lah ini aplikasi,5,Hady VyfeTwo
2023-08-02 13:05:31,Gacooorrrrr kanggggg,5,Afzah Hafizd
2023-08-02 12:56:55,"Chatgpt terbaik sepanjang masa, memiliki Akses tanpa batasan",5,Rangga Epra Lukas
2023-08-02 12:17:22,"Blm update database tahun berjalan, masih stuck di September 2021",3,Selamat Riyadi
2023-08-02 10:31:25,"Ini nih yang ditunggu, aplikasi chatbot yang asli. Soalnya pas baca artikel ada aplikasi chatbot yang mengandung virus. Untuk aplikasinya responnya cepat, bisa bahasa indonesia, beberapa fiturnya mirip kayak di web. Pokoknya bagus!",5,It'z Kurumi
2023-08-02 10:01:30,"Terimakasih,semoga bisa terus ditingkatkan lagi, seperti ditambah kan fitur auto teks to speech",5,Ahmad Yani
2023-08-02 05:15:21,Thanks chatGPT,5,Haposan Situmeang
2023-08-02 01:59:27,Rekomended ğŸ‘,5,Tri Pujianto
2023-08-02 01:24:18,â¤ï¸ğŸ‘,5,E L H A D I
2023-08-01 21:18:05,Aplikasi sangat membantu,5,M Sofyan Murtadlo
2023-08-01 16:09:40,mantap,5,Account1
2023-08-01 14:46:01,"ai yang sangat bodoh,,",1,Yoshimori Sumimura
2023-08-01 14:21:52,"Bagus chatgpt, bisa ngebantu untuk ngerjain tugas",5,Ahmad Fauzan Yaafi
2023-08-01 13:57:49,Susah login,1,Ahmad Kholil
2023-08-01 13:42:51,Sorry but I can't Join because I not have a Phone Number.,3,Alvian Sahulata
2023-08-01 12:21:41,sangat membantu the best pokonya,5,Fikal Erlama
2023-08-01 12:00:28,"Aplikasi yg sangat membantu untuk aku yg males ribet mengerjakan tugas sekolah, tinggal tulis soal jawaban langsung muncul no ribet2. The best aplikasinya",5,Nda Lexa
2023-08-01 11:22:24,Bagus banget ini!,5,DANA Willy
2023-08-01 10:25:44,I like it,5,Nur Ardi
2023-08-01 10:21:52,Sangat bagus apk nya bagus buat coding,5,Muhammad Hafidz
2023-08-01 05:05:31,"Best ai chat gpt,good job!!!",5,Jonatan Geraldo Jojo
2023-08-01 05:03:26,Terlalu OP,5,Alfin Fahri Riandi
2023-08-01 04:35:16,Bagus namun sayang harus diupdate pembendaraan wawasan nya semoga kedepan lebih baik dan bagus lagi,5,Philipus HandyMan
2023-08-01 04:05:07,Alhamdulillah udah tersedia di mobile ğŸ˜Š,5,Ahmad Ainul Yaqin
2023-08-01 03:42:27,"Bagus aplikasi ini sangat membantu, dan gratis.",5,Sukijo sukijo
2023-08-01 03:40:25,Bagus deh,4,Ach Sirodjudin
2023-07-31 19:39:16,the application is cool and useful,5,Yogi Irawan
2023-07-31 17:35:10,"Ga bisa login, alasannya koneksi tidak stabil padahal ga ada masalah",1,zz
2023-07-31 14:49:51,Mantul (mantap betul),5,azfa muzakki
2023-07-31 14:22:19,Mantull,5,Firman
2023-07-31 13:45:45,Mantap,5,Mukhsin 07
2023-07-31 13:31:40,"Aplikasi sudah bagus , tapi mohon untuk menjwab soal secara akurat dan jangan ada yang salah. Jawaban boleh berbeda tapi untuk pengguna yang berbeda , yang penting jawabannya benar semua.",5,Rizzy Hack
2023-07-31 12:12:56,Kerenn,5,Yehezkiel Sebastian Milala
2023-07-31 11:20:25,"Bagus, terimakasih Karena sudah memberikan premium gratisğŸ¤“",5,YabesRafhael
2023-07-31 11:07:01,Aplikasi ini sangat membantu saya dalam membuat ide konten dan kalimat promosi suatu barang,4,Muhammad ihsan
2023-07-31 08:09:56,I have been waiting for you,5,Rafli Rahman Ramdani
2023-07-31 07:59:23,Bagus,5,Farid Ibrahimovich
2023-07-31 06:37:30,Bagus responnya lumayan cepat,5,Djumadil
2023-07-31 04:23:02,"Oke lah, cuma infonya masih sebatas sampai september 2021. Kalau sudah update mungkin lebih josss lagi...",4,Damianus Sukardi
2023-07-31 01:48:29,"Respon yg cepat dan tersedia berbagai bahasa. Sangat rekomendasi bagi kalian yg selalu di PHP sama si doi. Tapi dgn ini pesan anda pasti dijawab. Dan tentu saja tidak perlu menunggu lama. Baik juga bagi anda yg kehabisan ide,tanya saja pasti anda akan menemukan ide baru.",5,Awan Harmawan
2023-07-30 22:22:04,Untuk fitur plugin nya tolong tambahkan,3,Dilan Andorra
2023-07-30 14:56:27,Do Anythink Now #sidebrain,5,POS KOE
2023-07-30 14:20:03,Sangat membantu sekalu,5,Nadya Nelly
2023-07-30 12:51:20,"Banyak yang mengalami kesulitan untuk login, saya berharap developer memperhatikan ini ğŸ™",2,Braiyen King
2023-07-30 12:31:21,Baik,5,Rahmat Dani
2023-07-30 12:01:05,"Tolong bantu saya, buka app chatgpt dgn hp vivo y21",3,Stepanus Lejiu
2023-07-30 08:28:32,"Tolong dong perbaiki kembali aplikasinya, saya mencoba masuk tapi selalu tidak bisa! Mohon responya",1,Jamal crb22
2023-07-30 07:48:46,tingkatkan,5,Afandi 013
2023-07-30 07:32:39,"The application is good, but for features like the web or desktop version (such as being able to generate previous user responses and being able to see previous responses that were overwritten by the new generate).",5,Dimas Aditya
2023-07-30 07:11:58,Keren,4,Fron Studio
2023-07-30 06:57:01,Bingung harus kasih bintang berapa masalahnya mau coba login gak bisa terus muncul keterangan disuruh set waktu dan tanggal padahal waktu dan tanggal udah sesuai untuk Indonesia,1,Kiki Permana (QyorcaArt)
2023-07-30 04:43:36,"Udah bagus, cuma saran saya , dinext update tolong tambahkan edit pesan yang sudah dikirim, seperti yang di web",4,Rizal
2023-07-30 04:20:47,Sangat membantuğŸ‘,5,Enriqe Glazio Alqi Reza
2023-07-30 03:11:40,"aplikasi bagus banget, sangat berguna",5,Daffa Al Ghifari
2023-07-30 00:18:29,Good,5,Muhammad Zakariyya
2023-07-29 19:56:15,Untuk sementara tidak ada masalah pada aplikasi ini.,4,W Anggara
2023-07-29 17:20:13,Mantap sekali,5,Arif Hidaya
2023-07-29 16:09:58,Lumayan,5,Irwansyah -
2023-07-29 14:33:49,Bagus sih cuma chat GPT memiliki akses data/info sampai September 2021 saja,4,Syarifki Al faisal
2023-07-29 14:22:58,Tolong agar teks pertanyaannya bisa di edit ulang atau di sunting seperti di versi webnya.,5,Yunus
2023-07-29 13:41:33,Great app,5,Ghost Bob
2023-07-29 13:35:06,Sejauh ini bagus! Tingkatkan Dev. Kalo bisa untuk source code kasih warna agak terlihat bagus,5,Reza Febriansyah
2023-07-29 13:32:43,"Sangat bagus, jawabannya menggunakan kalimat yang lebih mudah dicerna dibandingkan dengan versi webnya. Semua fitur juga berjalan dengan baik.",5,Nofa Saidana
2023-07-29 13:21:57,"SUKA BANGET WOI, AKHIRNYA CHATGPT ADA DI ANDROID",5,Zazar
2023-07-29 13:15:54,Bagus fast respon kaya versi Web nya,5,Afry namja Mahesa
2023-07-29 12:56:25,"Versi apk sangat bagusğŸ‘Œ Cepat sekali respon untuk pertanyaan"" yang kita ajukanğŸ’¯",5,Stainard Rarsina
2023-07-29 12:51:02,"Sangat membantu untuk mencari segala macam informasi, dan penjelasan nya sangat mudah di pahami.",5,Muhammad Aldi Nugraha
2023-07-29 12:41:35,"Lumayan, coba perbaiki lagi histori chat nya karena kadang masih suka menghilang padahal gak dihapus.",4,salman
2023-07-29 11:46:36,"Sebagai user, saya sudah cukup lama menggunakan chatgpt ini, namun saya lebih suka memakai website nya daripada apk nya, sya kasih 4",4,Nurjaman XSimer
2023-07-29 10:47:09,Bagus,5,çŠ¬ãŒç§ã®å­çŠ¬ã‚’é£Ÿã¹ã¾ã—ãŸ
2023-07-29 10:37:28,"Bagus kok, sama kayak di webnya. Cuma mau ngasih saran dikit ke developernya, bisa gak sih pengetahuan AI nya ini gak mentok di tahun 2021? Update pengetahuannya AI nya ke tahun 2023.",4,Naya Nofidya
2023-07-29 10:29:44,Teknologi masadepan,5,Ade h.
2023-07-29 08:27:53,"Aplikasi nya sangat bagus dan juga udah keluar kan aplikasi nya dari openai di google, itu keren banget. Tetapi masih banyak bug dan lain - lainnya. Mungkin nanti beberapa kedepannya akan ada update terbaru atau ada versi Beta nya",5,Alfin Rizki
2023-07-29 08:18:06,"Mantap, sangat bermanfaat & membantu mencari informasi.. Kita tinggal tanya apa...langsung di jawab dalam beberapa detik tanpa loading",5,Andry Yulia Afandi
2023-07-29 07:55:31,"Mantap... Keren ğŸ‘ğŸ‘ğŸ‘ jawaban2 terjadi secara pada umumnya/garis besarnya, manusiawi, signifikan, logic, keamanan, privasi dan legal...",5,Yopi Kurniadi
2023-07-29 07:09:09,Besto friendo,5,Farhan
2023-07-29 06:50:07,Mantap,5,FakeTap
2023-07-29 06:35:15,Mantap sekarang bukan di web lagi,5,Zainal Abidin
2023-07-29 06:32:07,Aplikasi ini sangat tepat untuk atasi masalah keuangan,5,Solehsoleh Muhammadmuhammad
2023-07-29 06:19:26,"Bagus juga apps ini,tapi sayangnya chat GPT tidak bisa berbicara, semoga kedepannya bisa di buat untuk bersuara",4,Dedy zee
2023-07-29 06:08:39,Seru juga si kek giniğŸ˜‡,5,Al Ryan Saputra
2023-07-29 06:08:25,Bagus,5,Gomos Gabriel
2023-07-29 06:01:59,Bagus tapi pake gpt 3.5,4,Ahmad Hawari
2023-07-29 05:59:55,Mantap bet Bintang 5,5,Remdi
2023-07-29 05:18:17,kelazzzz,5,fakhri suhanda
2023-07-29 04:35:29,Bagus,5,M Rizki Syahban
2023-07-29 04:27:03,Berguna banget buat ngerjain tugas sekolah apk ini work sekali sama yg diatas thank's developer ğŸ‘Œ,5,anam zuhrul
2023-07-29 03:46:37,Nice,5,Michael Conic
2023-07-29 03:41:33,Respon cepat berbeda dengan web yang nulis per kata,5,Ardyan Rivals
2023-07-29 03:38:52,Bagus,5,â€¢ALDI â€¢
2023-07-29 03:17:06,"Ringan banget dan bisa lebih efektif menggunakan suara, jadi lebih cepat.",5,Agus Pribadi
2023-07-29 03:00:12,Extraordinary,5,Akt P.98
2023-07-29 02:58:26,"Menurut saya bagus, tidak ada pembatasan pertanyaan, jadi bisa menggunakannya terus menerus",5,Rifky Ibrahim
2023-07-29 02:41:56,Very good application,5,Irman Firmansyah
2023-07-29 02:38:25,Mantap,5,PERTINA JAWA BARAT
2023-07-29 02:33:41,ditunggu update databasenya,5,Raqupi
2023-07-29 02:32:54,Very effective!,5,Fauzi Azka Zahraan (Faa)
2023-07-29 02:12:16,Hebat sekali aplikasinya,5,Kiki& Rama
2023-07-29 01:58:58,apknya keren hampir sama fiturnya.... semoga ada fitur tambahan -edit teks,5,ãˆSyahputra
2023-07-29 01:39:11,Oke,5,nardi 077
2023-07-29 01:12:37,AI jaman sekarang makin ngeri ğŸ˜®,4,EW 12
2023-07-29 01:09:46,Great!!,5,Hendra Gendeng
2023-07-29 00:41:01,"Gue sebagai pengguna lama ChatGPT mengakui kalo ChatGPT disini jauh lebih ringan ketimbang websitenya, tapi fiturnya kurang lengkap seperti websitenya, kayak edit teks, jumlah generate ulang, sama jumlah fitur edit ulang, ya gpp lah, wong baru muncul juga, oh iya, yg ini juga belum ada fitur ChatGPT Plus",5,Mohammad Habbelda Zulfie
2023-07-29 00:16:12,"Bagus banget, fast respon, dan dapat memberikan data akurat dan ringan. Untuk kedepannya mungkin tetap di pertahankan atau dikembangkan dengan catatan tetap fast respon dan ringan!!",5,Hudantup 25
2023-07-29 00:09:41,Keren tapi,3,Zidan Faydh Hail
2023-07-29 00:05:04,Nice app,5,arifin dana bramantyo
2023-07-28 23:46:51,Sangat membantu,5,Jodhy Primajid
2023-07-28 23:35:54,"Terimakasih untuk developer aplikasi yang sangat berguna fast dalam memberikan jawaban, semoga bisa lebih baik kedepan nya thanks ğŸ˜€ğŸ˜€",5,Ilham
2023-07-28 23:35:23,"great, please give the gpt chat answer code snippet a color scheme like on the website so it's easy to read the code from the gpt chat answer",4,Andi Hasan
2023-07-28 23:16:51,"Yang official lebih enak,dibanding aplikasi unofficial",5,FADLI ZAKA RIA
2023-07-28 22:35:14,"Coba"" aja ah ikutan yg lain..",5,Sudibyo Antoni Ro'uf
2023-07-28 22:28:09,Perbarui lg dong msa terakhir september 2021,5,Guntur Rizky
2023-07-28 22:24:11,Saya coba dulu,3,I Made Hendra Artawan
2023-07-28 21:01:54,Sampurna!!,5,Ahmad Ardiansyah
2023-07-28 19:44:37,"Ada versi android nya, keren...",5,Sutami Kim
2023-07-28 18:39:01,Tolong buat chatgpt bisa mengirim gambar,5,Muhammad Fathur Rizki
2023-07-28 18:36:38,"Bener bener bagus, saya harap kedepannya bisa lebih bagus lagi",5,Giwo Adriansyah
2023-07-28 17:41:52,Membantu,5,Dilfa Haiqal
2023-07-28 16:32:14,"""Very good, please keep updating, the knowledge is still from September 2021.""",5,Sahal A.
2023-07-28 15:45:15,Sangat bagus,5,SYAKIRAH NABILA Syakirah
2023-07-28 15:32:56,cuokk gak isok login,1,Rangga Eka
2023-07-28 15:19:39,Not bad,5,Asen Tjhia
2023-07-28 15:13:34,Auto jadi pintar guweh ğŸ˜,5,Ari Nugroho
2023-07-28 14:59:36,The Best Tools ....,5,Muhammad Fajar
2023-07-28 14:56:47,Alhamdulillah udah rilis,5,Fadli Syahnikmad
2023-07-28 14:53:55,keren,5,Little hitter
2023-07-28 14:51:46,Pertamax diamankan,5,Rio Nandika
2023-07-28 14:50:46,mantap,5,Muhammad Wahyudi
2023-07-28 14:34:04,I hope the news that says the model of gpt 3.5 and 4 became dumber is fake,3,Ans Hakim
2023-07-28 14:28:47,Cukup membantu untuk mencari informasi,5,Sukma Hidayah
2023-07-28 13:50:08,Bagus bangetğŸ˜˜ğŸ˜˜,5,2IA03_Rangga Sasmita P
2023-07-28 13:49:30,coba dan silahkan mencoba,5,jepri Jupri
2023-07-28 13:40:49,Masih perlu ditingkatkan lagiâœŒğŸ»,5,Saul Ragozet
2023-07-28 13:39:52,"Bagus sekali, lebih nyaman diakses daripada yang versi website. Hanya saja aku harap informasi ChatGPT diperbarui lagi. Sehingga informasi yang bisa diakses tidak hanya terbatas sampai September 2021 saja.",5,Bambang
2023-07-28 13:37:06,Apakah ini aplikasi resmi?,1,Wahyu 25
2023-07-28 13:34:15,Menurut saya aplikasi ini sudah oke untuk pembelajaran menggunakan ai,5,Rambutan Asem
2023-07-28 13:17:54,Bagus sekali ğŸ‘ğŸ‘ğŸ‘ğŸ‘ğŸ‘ğŸ‘,5,Arfa Bahy
2023-07-28 13:05:31,Nice app,5,Muhammad Rafly
2023-07-28 12:48:53,Next geoglee in blockchain ..... Barvo cryto ğŸ˜‚ğŸ˜‚ğŸ˜‚ğŸ‘ğŸ‘ğŸ’ªğŸ’ªğŸ’ª,5,Nowel Agam
2023-07-28 12:35:39,Menjadi yang pertama itu sangatlah baik,5,Advent Simanjuntak
2023-07-28 11:59:06,It's perfect ğŸ‘Œ,5,N E R I S H E R M A W A N
2023-07-28 11:50:39,Apaan masak chat gpt 3.5 alias tahun 2021 ..prek lah g sesuai deskripsi,1,Chybynd Chybynd
2023-07-28 11:38:45,"Suggestion: - Add editing features for Input that has already been sent, just like the ChatGPT web version, So users won't do many ""new chat"" in attempt to rewrite their input. - Replace the chat history appearance into sidebar (no need history button), so users won't do many clicks to visit their chat history. - Add copy button for codeblocked output. Thats all for now from me. For the rest features is great enough. Please consider my suggestions, thank you. Keep up the hard work!",4,Alfaldo
2023-07-28 11:23:40,Gak bisa login,3,S/ N
2023-07-28 11:20:03,Sangat bagus,5,Fadril Nur
2023-07-28 10:51:57,"Terimakasih, mantab",5,Anang Th
2023-07-28 10:41:04,god app,5,KP - Rusdiana
2023-07-28 10:32:40,Gak jelas. Ujung 2 bayar ğŸ™ğŸ»,1,irvanda azis azis
2023-07-28 10:23:03,"Aplikasi nya sangat bagus , karena bisa membantu kita untuk mengerjakan tugas tugas sekolah",5,Dchrys 20
2023-07-28 10:11:52,Moga belajar makin baik,5,IronHead M.R.C
2023-07-28 10:11:49,"Aplikasi yang sangat bagus, bisa dengan mudah menjawab pertanyaan, dulu kalau mau buka chatgpt harus dari Google sekarang sudah ada aplikasi, semoga kedepannya semakin bagus dan berkembang ğŸ˜ğŸ˜„",5,Ibnu mirza Wijaya IX-4
2023-07-28 09:40:52,Aplikasi bagus tapi ga bisa bahasa Indonesia,5,Muhammad Zaini
2023-07-28 09:21:18,Ini aplikasi yang wajib ada di hape orang Indonesia... Harusnya terinstall secara default sejak beli hape pertama kali,5,Muhammad tuhar yatno
2023-07-28 09:20:10,Sedang mencoba. Terima kasih.,4,Robby Wahyu
2023-07-28 09:15:02,Hatur nuhun alat pintar ğŸ‘ğŸ’¡ğŸ“š,5,ivan yamazaki kun
2023-07-28 09:13:38,A.i application that is useful for me.,5,PinkChalice270
2023-07-28 09:01:17,"Mohon tambahkan dan samakan fitur seperti di web, kayak fitur edit pesan yang dikirim dan riwayat edit pesan sebelumnya. Untuk chat tersimpan, saat dibuka harap langsung saja pergi ke chat paling bawah dengan cepat tanpa di muat dahulu (lazy load), dan mohon untuk chat tersimpan ditaruh di app drawer saja seperti di web. Tingkatkan lagi agar aplikasi semakin stabil dan berfitur sama dengan kemampuan ChatGPT, sekian â˜ºï¸",5,Ya Udah
2023-07-28 08:43:56,Aplikasi chatgpt bagus sekali wajib di kasih bintang lima,5,Dimas Poetrapratama
2023-07-28 08:26:16,Mantab sungguh berguna.. sepertinya saya yang pertama buat ulasan dengan bahasa indonesia ğŸ¤²ğŸ˜‚,5,Rony Nur
2023-07-28 08:23:18,Ai yang sangat responsif,5,Ijn é•·é–€ Nagato
2023-07-28 08:03:52,masi banyak bug tapi gpp ğŸ¥°,5,bruh
2023-07-28 07:59:34,Bagus,5,Khaisar Didi
2023-07-28 07:57:14,GG,5,Faris -sama
2023-07-28 07:55:19,"ditunggu chatgpt-4 versi aplikasi android, dan aplikasi untuk pc juga",5,Daffa Celeron
2023-07-28 07:53:48,Chat GPT yang sesungguhnya ini developernya,5,Maufal Achmadin
2023-07-28 07:50:55,lets go,5,azrod354 Black
2023-07-28 07:42:25,Easy to use,5,Abdul Rokim
2023-07-28 07:35:07,Jos,5,Prasetyo Budi
2023-07-28 07:30:57,Mantap,5,Bintang Triguna
2023-07-28 07:23:51,aku pendukung elon seduniaa,5,aryaaa manik.
2023-07-28 07:17:48,ğŸ‘Œ,5,Fita
2023-07-28 06:52:55,Saya menulis rating ini ke-372.,5,Amefurashi
2023-07-28 06:51:33,Aku suka ai ğŸ—¿,5,Niswa Ti
2023-07-28 06:34:01,Inpo min?,5,Fadel Abiyugiffary
2023-07-28 06:33:02,Today we starting installed this openAI apps from source of Google Play. For future after try this aops i will give repport or notes all over about work of kind for this openAI AppS,5,Andi HARPIANTO
2023-07-28 06:29:25,Seperti ngobrol dengan robot,5,makmur mustafa
2023-07-28 06:24:33,"Semakin halus dan cepat, keakuratan juga bagus tidak dibatasi.. kembagkan terus agar semakin pintar",5,Kriestian Aribowo
2023-07-28 06:24:02,Tolong untuk respon dari chat gpt nya mohon di lebih bisa di percepat untuk versi gratisnya.,2,Kyy solin
2023-07-28 06:22:26,Bagus saya suka..,5,Yulian Aditama
2023-07-28 06:21:07,Good.,5,AYB Mogs
2023-07-28 06:20:13,Keren,5,M.Akbar. Ramadan
2023-07-28 06:18:47,Keren abis nih chargpt,5,ANGGA NURFAIZAL
2023-07-28 06:11:26,Bagus banget dan sangat worth it untuk tugas dan pekerjaan apalagi freelance,5,Barkah Ilhammulloh
2023-07-28 06:09:17,"I just found a bug in this ChatGPT android. When i did first installation and launch it, it was worked normally. But, when i'm out from this app and try to launch it again. ChatGPT was crash and did a force close immediately. Hope the developer can fix this bug. I'm using xiaomi redmi note 8 with MIUI 12.5",3,Dark Flame
2023-07-28 06:06:56,Bruh this app it's underrated,5,Devano W.
2023-07-28 06:00:00,aman terkendali,5,ThEnder dragon30
2023-07-28 05:54:08,Aplikasi keren pokonamah well keun ğŸ”¥ğŸ”¥ğŸš€,5,Xan Suki bing chilling
2023-07-28 05:49:58,Moga lebih lengkap lagi,5,Hendra Kurniawan
2023-07-28 05:48:04,Bagus sih tapi bisakah ditambahin edit text,5,Sion Aja
2023-07-28 05:30:35,Orang pertama kali di indonesia yg komen apalikasi tercngiih adalah saya ğŸ˜± ini sangat menakjubkan,5,BIBI TV
2023-07-28 05:21:29,Malu bertanya chat gpt,5,Joan pasaribu
2023-07-28 05:19:32,ğŸ˜ğŸ˜ğŸ˜ğŸ˜,5,Leonard Sandy
2023-07-28 04:45:24,Ahhh i love you openai. Keep the free plan for me ğŸ˜‰,5,Farel Alkhafi Yudiansyah
2023-07-28 04:30:22,"Tapi login nya nggak jelas nggak bisa buat untuk nomor telepon atau email, maaf iya.",1,Lia Khalif
2023-07-28 03:33:45,"App yg bagus utk bisa akses ChatGPT tanpa web browser, mungkin kedepannya bisa ditingkatkan lagi",5,Alvin Kalacakra
2023-07-28 03:27:18,Ok,5,Dave Edgar
2023-07-28 03:00:56,Marvelous apps,5,Muh Ardian Yuli Aliwardana
2023-07-28 02:59:14,Wow,5,Reza Pahlevi
2023-07-28 02:45:28,Menarik,5,Hendra Bangun Dwi R
2023-07-28 02:40:20,Kerja bagus,5,Dicko Syah Putra
2023-07-28 02:31:02,Ngeleg,1,Xiao Harto
2023-07-28 02:06:00,update pengetahuan nya.. 2021 itu terlalu ketinggalan jaman,1,rizky setiawan
2023-07-28 01:53:12,Luar biasa amazing ğŸ‘,5,Anti META
2023-07-28 01:39:06,Moga bisa upload gambar,4,Luthfi Badri
2023-07-28 01:27:21,Great,5,ItsMe Ar (ItsMeArr)
2023-07-28 01:19:46,"Hasil jawabannya berulang-ulang dan tidak akurat, update pengetahuannya hanya terhenti di september 2021.",3,Ertanto Sang Comandan Tertinggi
2023-07-28 01:15:33,Mantap,5,mohammad zaky
2023-07-28 01:13:20,Kalian luar biasa,5,Haryanto
2023-07-28 01:09:41,ğŸ‘,5,JtzK IDKK
2023-07-28 01:06:12,Genius,5,Johny Waworuntu
2023-07-28 01:04:49,Mantap,5,Abid Hadlori
2023-07-28 01:02:17,Bagus pake banget,5,Ade Jawani
2023-07-28 01:02:06,Mantap,5,Winaldy
2023-07-28 01:00:50,orang pertama indo ygy,5,Deni Sanjaya
2023-07-28 00:52:31,Induh ah.. api guwai mu tek,5,Darwin Abu Rizki
2023-07-28 00:49:31,Finally,5,MUHAMMAD KHAIRIL AZHAR
2023-07-28 00:47:59,"P, First.sebelum banyak yang kasih ulasan :v Wkwkwk.",5,Omdoe Amry
2023-07-28 00:43:37,"Pertama dari Indonesia ""sepertinya"" wkwkw app nya keren",5,Niko eyl 03
2023-07-28 00:37:46,"Aplikasi CHATGPT adalah aplikasi chatbot AI yang interaktif dan mudah diakses, dengan adanya aplikasi ini kita dimudahkan untuk bisa mengakses dengan cepat dan efisien, tampilan aplikasi ini sangat sederhana, intuitif, dan menarik. Semoga kedepannya lebih baik lagi. ğŸ‘",5,RIYAN
2023-07-28 00:07:20,Mantabbb sukses terus elon musk dan team,5,Dhio Haka
2023-07-27 23:49:52,"Keren banget, bisa nyoba di android",5,Satria Naliqa
2023-07-27 23:35:11,"Lebih suka Di browser, tapi baguss kok",5,Gintera Ginting
2023-07-27 23:26:44,Cepat rilis gpt plus,5,Nahman Naro
2023-07-27 23:26:06,Keren,5,Elfath_.
2023-07-27 23:02:08,Keren,5,Juragan Movers
2023-07-27 22:58:37,Sangat bermanfaaat,5,Microsoft Windows
2023-07-27 22:49:39,"Aplikasi yang berguna, responnya dari pertanyaannya sama seperti di versi Web ğŸ‘ğŸ¼ğŸ‘ğŸ¼",5,Muhammad Seno Aji Pratama
2023-07-27 22:48:11,"Aplikasi bagus, semoga bisa ditingkatkan ke gpt 4 dan gratis......",5,Herwin
2023-07-27 22:46:23,REKOMENDASI DAN MENARIK!,5,Raihan Cahtra Rizqy Prian Pratama
2023-07-27 22:19:44,Terimakasih sangat membantu,5,Dark Music
2023-07-27 22:11:49,Good,5,Raka Oktavian
2023-07-27 22:00:14,Kurang tepat untuk menjawab,1,ahcmat barokah
2023-07-27 21:50:47,"Saya sangat senang chatgpt akhirnya hadir di android, semoga kedepannya fitur2 nya dapat ditingkatkan lagi agar menjadi lebih baik lagi ğŸ‘",5,HERIANTO
2023-07-27 21:37:53,Keren.. Sangat membantu dan memudahkan,5,Rasdin C
2023-07-27 21:33:06,"Aplikasi ChatGPT sangat mengagumkan! Kemampuan AI nya untuk memahami pertanyaan dan memberikan jawaban yang relevan sangat luar biasa. Saya suka bagaimana ia dapat membantu dalam berbagai topik, dari edukasi hingga hiburan. Desain antarmuka yang intuitif juga membuat penggunaan aplikasi ini sangat mudah dan menyenangkan. Selain itu, pengalaman berbicara dengan ChatGPT terasa seperti berbicara dengan teman pintar yang selalu siap membantu. Sungguh aplikasi yang hebat! ğŸ‘",5,Farhan Febriyanto
2023-07-27 21:18:12,"Dengan chat GPT kami bisa mendapat jawaban instan, masukan profesional dan inspirasi kreatif. Good job.",5,Firmansyah Mike
2023-07-27 21:14:27,"Mantap, historynya juga masih terbaca meski fiturnya belum seperti di web",5,NooBangkit -
2023-07-27 21:12:14,"Sudah terinstal, dan kesan pertama lebih simple dan lebih mudah digunakan dibanding versi web.",5,Saka Kristiant
2023-07-27 21:07:39,Mangtapppppp,5,Guzzo Guys !
2023-07-27 20:42:25,Lumayan daripada lumanyun,5,Radul Channel
2023-07-27 20:06:10,Mantap bos,5,Villagerindo DPA
2023-07-27 19:56:01,Sangat bagus memudahkan untuk mencari jawaban!!!,5,Arridzky
2023-07-27 17:54:49,bagus,5,Adit Murti
2023-07-27 17:30:59,Semoga di Update selanjutnya Bisa menambah lan Data tahun sekarang,4,Adad Maulana J
2023-07-27 17:23:50,"Bagus, sama seperti versi web, tapi lebih simple",5,Ernesto Yoofi
2023-07-27 17:21:36,Nyoba..,5,madnur020
2023-07-27 17:16:34,Keren,5,N
2023-07-27 17:08:15,Aplikasi keren....dapat dengan cepat mendapatkan jawaban tanpa harus mencari informasi secara manual atau melalui pencarian online yang lebih panjang.,5,Ketut Buda Yasa
2023-07-27 17:04:02,Good,5,INI TV
2023-07-27 16:50:26,Chat GPT tingkatkan lagiğŸ‘,5,Bocah Angon
2023-07-27 16:47:53,Wow. Ini baru yang terbaik.,5,Andriyansyah â€œAbah Noobâ€
2023-07-27 16:46:49,Great app!!!,5,Gunawan ab
2023-07-27 16:46:30,"Please make a voice feature, so it's like in the Ironman movie which uses the AI â€‹â€‹Jarvis robot. Thank You",5,Yoel Steven Rumampuk - Golden Future
2023-07-27 16:46:21,"Bagus, tapi google bard lebih terupdate daripada chat gpt",5,I.N.D.Y
2023-07-27 16:35:49,"Sangat membantu dibikin aplikasi seperti ini, jadi tidak perlu repot-repot untuk buka browser. Sayangnya di aplikasi ini, dalam memberi jawaban tidak disertai enter",4,Aria Sakti Nugraha
2023-07-27 16:33:20,mantap bro,5,Jidan Miwansah
2023-07-27 16:11:46,Sangat,5,Muh ikram
2023-07-27 16:11:05,I just pre regist and it published. Couldn't have better timing,5,My Lasted
2023-07-27 16:04:54,Alangkah baiknya kalau hasil untuk kode pemrograman dibuat berwarna seperti versi websitenya,4,Kokoro
2023-07-27 16:04:15,Keren...!! ChatGPT sudah ada di playstore. Aplikasi paling ditunggu2 ini ?!?,5,SM SEGAR MANIS
2023-07-27 16:02:17,Semoga bermanfaat untuk semua para penggunaya Aplikasi ChatGPT. Terima Kasih,5,Hartono
2023-07-27 15:59:08,"Tambahkan tombol Copy Teks yang berisi Kode program, dan tampilkan juga warna pada isi kode yang diberikan ChatGPT.",5,Taskiman
2023-07-27 15:57:52,Easy bintang 5 terbaik,5,diyon 14
2023-07-27 15:56:59,Okeh,5,Kiplix Gaming
2023-07-27 15:54:34,Overrall sejauh ini bagus plus mendukung penggunaan bahasa Indonesia nanti kalau bisa ditingkatkan lagi,5,Nova Byte
2023-07-27 15:54:04,"Untuk sementara bagus, tapi aku ragu apakah ada batasan chat dengan ai",5,Nicholas ciayau
2023-07-27 15:53:23,Coba dulu,4,Findra Rahmadani
2023-07-27 15:53:01,Keren sih akurat seperti di website nya dan juga lebih ringan juga penggunaan nya hanya 5 mb saja,5,Dwicky Chandra Rianto
2023-07-27 15:52:35,"Idksw,bt,thnks.",5,Matt
2023-07-27 15:51:29,"Bagus,simple Semoga pengetahuannya dapat pembaruan",5,Rian santana
2023-07-27 15:51:15,Boleh tahan hebat.,5,Rayya RR
2023-07-27 15:50:57,Coba coba,4,abu lail ahmad
2023-07-27 15:50:17,"Not bad, looks clean. I'll still use the web version more though.",5,Noice Maker
2023-07-27 15:49:50,mari menguasai dunia ~mr X,5,reinaissance
2023-07-27 15:49:40,Ringan dan cepat,5,Dwi Sup
2023-07-27 15:49:17,Semoga terus lebih baik dan tanpa iklan dan izin seminim mungkin,4,Ariful Huda
2023-07-27 15:48:46,Aplikasi yang sangat membantu... Saya sangat suka dengan aplikasi ini yang bisa membantu segala macam soal yang sulit dipecahkan .... Ubdate terus Kakak,5,Luqman Meyan
2023-07-27 15:48:31,mantap pertama ni sengol dong,5,Andry Tama
2023-07-27 15:48:20,Firts,5,finmediata. my. id
2023-07-27 15:47:49,keren,5,Akram Jinan
2023-07-27 15:47:30,Finally.,5,Yokasoya
2023-07-27 15:46:46,bagus juga,5,suhendar fauzi
2023-07-27 15:46:28,Semoga membantu,5,Rizan Aqshol Himam
2023-07-27 15:45:32,Ntap,5,Ignasius Rendy
2023-07-27 15:43:05,Pertama,5,Locko Rery
2023-07-27 15:42:53,baru,5,deimos
2023-07-27 15:42:39,27 Juni 2023 - CHAT GPT apk rilis di indonesia,5,Muhammad Imam Choirudin
2023-07-27 15:42:17,nice....,5,Muhammad Daerobi
2023-07-27 15:42:00,sangat membantu,5,Raihan Fauzan Muslim
2023-07-27 15:41:33,mayan,4,12_204_Eric Daniel Hutabarat
2023-07-27 15:39:42,Belum downloadğŸ—¿,1,Galih Hardy Santoso
2023-07-27 15:39:30,Review pertamax diindonesia,5,Ibnu Nabawi
2023-07-27 15:38:44,The Best AI,5,M Play
2023-07-27 15:35:42,Sangat bagus,5,Danang Iyaah
2023-07-27 15:23:05,sangat OK... mantaaaap,5,Suyono 23
2023-07-27 15:21:36,Mantap,5,Mochamad Farido Fanani
